,title,original_title,value,reviewer,year,certificate,category,duration,image
0,刺激1995,The Shawshank Redemption,9.3,2.8M,1994,R-12,['Drama'],2h 22m,"https://m.media-amazon.com/images/M/MV5BNDE3ODcxYzMtY2YzZC00NmNlLWJiNDMtZDViZWM2MzIxZDYwXkEyXkFqcGdeQXVyNjAwNDUxODI@._V1_QL75_UX140_CR0,1,140,207_.jpg"
1,教父,The Godfather,9.2,2M,1972,R-15,"['Crime', 'Drama']",2h 55m,"https://m.media-amazon.com/images/M/MV5BM2MyNjYxNmUtYTAwNi00MTYxLWJmNWYtYzZlODY3ZTk3OTFlXkEyXkFqcGdeQXVyNzkwMjQ5NzM@._V1_QL75_UY207_CR3,0,140,207_.jpg"
2,黑暗騎士,The Dark Knight,9.0,2.8M,2008,PG-12,"['Action', 'Crime', 'Drama']",2h 32m,"https://m.media-amazon.com/images/M/MV5BMTMxNTMwODM0NF5BMl5BanBnXkFtZTcwODAyMTk2Mw@@._V1_QL75_UX140_CR0,0,140,207_.jpg"
3,教父2,The Godfather Part II,9.0,1.3M,1974,R-12,"['Crime', 'Drama']",3h 22m,"https://m.media-amazon.com/images/M/MV5BMWMwMGQzZTItY2JlNC00OWZiLWIyMDctNDk2ZDQ2YjRjMWQ0XkEyXkFqcGdeQXVyNzkwMjQ5NzM@._V1_QL75_UY207_CR3,0,140,207_.jpg"
4,十二怒漢,12 Angry Men,9.0,836K,1957,U,"['Crime', 'Drama']",1h 36m,"https://m.media-amazon.com/images/M/MV5BMWU4N2FjNzYtNTVkNC00NzQ0LTg0MjAtYTJlMjFhNGUxZDFmXkEyXkFqcGdeQXVyNjc1NTYyMjg@._V1_QL75_UX140_CR0,4,140,207_.jpg"
5,辛德勒的名單,Schindler's List,9.0,1.4M,1993,R-15,"['Biography', 'Drama', 'History']",3h 15m,"https://m.media-amazon.com/images/M/MV5BNDE4OTMxMTctNmRhYy00NWE2LTg3YzItYTk3M2UwOTU5Njg4XkEyXkFqcGdeQXVyNjU0OTQ0OTY@._V1_QL75_UX140_CR0,1,140,207_.jpg"
6,魔戒三部曲：王者再臨,The Lord of the Rings: The Return of the King,9.0,1.9M,2003,unrated,"['Action', 'Adventure', 'Drama']",3h 21m,"https://m.media-amazon.com/images/M/MV5BYWYyZjcxOGItY2VlYS00NTQwLWExMTAtNGE3Y2ZhYjM2ZDhkXkEyXkFqcGdeQXVyMTM0NTUzMDA4._V1_QL75_UX140_CR0,1,140,207_.jpg"
7,黑色追緝令,Pulp Fiction,8.9,2.2M,1994,R-18,"['Crime', 'Drama']",2h 34m,"https://m.media-amazon.com/images/M/MV5BNGNhMDIzZTUtNTBlZi00MTRlLWFjM2ItYzViMjE3YzI5MjljXkEyXkFqcGdeQXVyNzkwMjQ5NzM@._V1_QL75_UY207_CR1,0,140,207_.jpg"
8,魔戒首部曲：魔戒現身,The Lord of the Rings: The Fellowship of the Ring,8.8,2M,2001,6+,"['Action', 'Adventure', 'Drama']",2h 58m,"https://m.media-amazon.com/images/M/MV5BN2EyZjM3NzUtNWUzMi00MTgxLWI0NTctMzY4M2VlOTdjZWRiXkEyXkFqcGdeQXVyNDUzOTQ5MjY@._V1_QL75_UX140_CR0,0,140,207_.jpg"
9,黃昏三鏢客,"Il buono, il brutto, il cattivo",8.8,792K,1966,R,"['Adventure', 'Western']",2h 41m,"https://m.media-amazon.com/images/M/MV5BNjJlYmNkZGItM2NhYy00MjlmLTk5NmQtNjg1NmM2ODU4OTMwXkEyXkFqcGdeQXVyMjUzOTY1NTc@._V1_QL75_UX140_CR0,1,140,207_.jpg"
10,阿甘正傳,Forrest Gump,8.8,2.2M,1994,7+,"['Drama', 'Romance']",2h 22m,"https://m.media-amazon.com/images/M/MV5BNWIwODRlZTUtY2U3ZS00Yzg1LWJhNzYtMmZiYmEyNmU1NjMzXkEyXkFqcGdeQXVyMTQxNzMzNDI@._V1_QL75_UY207_CR2,0,140,207_.jpg"
11,鬥陣俱樂部,Fight Club,8.8,2.2M,1999,R-18,['Drama'],2h 19m,"https://m.media-amazon.com/images/M/MV5BODQ0OWJiMzktYjNlYi00MzcwLThlZWMtMzRkYTY4ZDgxNzgxXkEyXkFqcGdeQXVyNzkwMjQ5NzM@._V1_QL75_UX140_CR0,1,140,207_.jpg"
12,魔戒二部曲：雙城奇謀,The Lord of the Rings: The Two Towers,8.8,1.7M,2002,6+,"['Action', 'Adventure', 'Drama']",2h 59m,"https://m.media-amazon.com/images/M/MV5BZGMxZTdjZmYtMmE2Ni00ZTdkLWI5NTgtNjlmMjBiNzU2MmI5XkEyXkFqcGdeQXVyNjU0OTQ0OTY@._V1_QL75_UX140_CR0,5,140,207_.jpg"
13,全面啟動,Inception,8.8,2.5M,2010,PG-12,"['Action', 'Adventure', 'Sci-Fi']",2h 28m,"https://m.media-amazon.com/images/M/MV5BMjAxMzY3NjcxNF5BMl5BanBnXkFtZTcwNTI5OTM0Mw@@._V1_QL75_UX140_CR0,0,140,207_.jpg"
14,星際大戰五部曲：帝國大反擊,Star Wars: Episode V - The Empire Strikes Back,8.7,1.3M,1980,PG,"['Action', 'Adventure', 'Fantasy']",2h 4m,"https://m.media-amazon.com/images/M/MV5BYmU1NDRjNDgtMzhiMi00NjZmLTg5NGItZDNiZjU5NTU4OTE0XkEyXkFqcGdeQXVyNzkwMjQ5NzM@._V1_QL75_UX140_CR0,5,140,207_.jpg"
15,駭客任務,The Matrix,8.7,2M,1999,PG-12,"['Action', 'Sci-Fi']",2h 16m,"https://m.media-amazon.com/images/M/MV5BNzQzOTk3OTAtNDQ0Zi00ZTVkLWI0MTEtMDllZjNkYzNjNTc4L2ltYWdlXkEyXkFqcGdeQXVyNjU0OTQ0OTY@._V1_QL75_UX140_CR0,1,140,207_.jpg"
16,四海好傢伙,Goodfellas,8.7,1.2M,1990,R-15,"['Biography', 'Crime', 'Drama']",2h 25m,"https://m.media-amazon.com/images/M/MV5BY2NkZjEzMDgtN2RjYy00YzM1LWI4ZmQtMjIwYjFjNmI3ZGEwXkEyXkFqcGdeQXVyNzkwMjQ5NzM@._V1_QL75_UX140_CR0,1,140,207_.jpg"
17,飛越杜鵑窩,One Flew Over the Cuckoo's Nest,8.7,1M,1975,R,['Drama'],2h 13m,"https://m.media-amazon.com/images/M/MV5BZjA0OWVhOTAtYWQxNi00YzNhLWI4ZjYtNjFjZTEyYjJlNDVlL2ltYWdlL2ltYWdlXkEyXkFqcGdeQXVyMTQxNzMzNDI@._V1_QL75_UX140_CR0,0,140,207_.jpg"
18,火線追緝令,Se7en,8.6,1.7M,1995,R,"['Crime', 'Drama', 'Mystery']",2h 7m,"https://m.media-amazon.com/images/M/MV5BOTUwODM5MTctZjczMi00OTk4LTg3NWUtNmVhMTAzNTNjYjcyXkEyXkFqcGdeQXVyNjU0OTQ0OTY@._V1_QL75_UX140_CR0,6,140,207_.jpg"
19,風雲人物,It's a Wonderful Life,8.6,480K,1946,0+,"['Drama', 'Family', 'Fantasy']",2h 10m,"https://m.media-amazon.com/images/M/MV5BZjc4NDZhZWMtNGEzYS00ZWU2LThlM2ItNTA0YzQ0OTExMTE2XkEyXkFqcGdeQXVyNjUwMzI2NzU@._V1_QL75_UY207_CR1,0,140,207_.jpg"
20,七武士,Shichinin no samurai,8.6,359K,1954,Not Rated,"['Action', 'Drama']",3h 27m,"https://m.media-amazon.com/images/M/MV5BN2RhYzQ2YTUtYzk0Yy00MTc2LThjNDQtNGVkMDkzNzZiYjVhXkEyXkFqcGdeQXVyMTMxODk2OTU@._V1_QL75_UX140_CR0,1,140,207_.jpg"
21,蜘蛛人：穿越新宇宙,Spider-Man: Across the Spider-Verse,8.7,276K,2023,6+,"['Animation', 'Action', 'Adventure']",2h 20m,"https://m.media-amazon.com/images/M/MV5BMzI0NmVkMjEtYmY4MS00ZDMxLTlkZmEtMzU4MDQxYTMzMjU2XkEyXkFqcGdeQXVyMzQ0MzA0NTM@._V1_QL75_UX140_CR0,0,140,207_.jpg"
22,星際效應,Interstellar,8.7,2M,2014,13+,"['Adventure', 'Drama', 'Sci-Fi']",2h 49m,"https://m.media-amazon.com/images/M/MV5BZjdkOTU3MDktN2IxOS00OGEyLWFmMjktY2FiMmZkNWIyODZiXkEyXkFqcGdeQXVyMTMxODk2OTU@._V1_QL75_UX140_CR0,0,140,207_.jpg"
23,沉默的羔羊,The Silence of the Lambs,8.6,1.5M,1991,R,"['Crime', 'Drama', 'Thriller']",1h 58m,"https://m.media-amazon.com/images/M/MV5BNTFhMmFmYzAtMDY0YS00YWMwLThjODQtMDdiZDRhNTIwYzViXkEyXkFqcGdeQXVyMTEwNDU1MzEy._V1_QL75_UX140_CR0,1,140,207_.jpg"
24,搶救雷恩大兵,Saving Private Ryan,8.6,1.5M,1998,GP,"['Drama', 'War']",2h 49m,"https://m.media-amazon.com/images/M/MV5BZjhkMDM4MWItZTVjOC00ZDRhLThmYTAtM2I5NzBmNmNlMzI1XkEyXkFqcGdeQXVyNDYyMDk5MTU@._V1_QL75_UY207_CR1,0,140,207_.jpg"
25,無法無天,Cidade de Deus,8.6,784K,2002,18+,"['Crime', 'Drama']",2h 10m,"https://m.media-amazon.com/images/M/MV5BMGU5OWEwZDItNmNkMC00NzZmLTk1YTctNzVhZTJjM2NlZTVmXkEyXkFqcGdeQXVyMTMxODk2OTU@._V1_QL75_UY207_CR0,0,140,207_.jpg"
26,美麗人生,La vita è bella,8.6,725K,1997,PG-12,"['Comedy', 'Drama', 'Romance']",1h 56m,"https://m.media-amazon.com/images/M/MV5BYmJmM2Q4NmMtYThmNC00ZjRlLWEyZmItZTIwOTBlZDQ3NTQ1XkEyXkFqcGdeQXVyMTQxNzMzNDI@._V1_QL75_UX140_CR0,1,140,207_.jpg"
27,綠色奇蹟,The Green Mile,8.6,1.4M,1999,0+,"['Crime', 'Drama', 'Fantasy']",3h 9m,"https://m.media-amazon.com/images/M/MV5BMTUxMzQyNjA5MF5BMl5BanBnXkFtZTYwOTU2NTY3._V1_QL75_UX140_CR0,0,140,207_.jpg"
28,星際大戰,Star Wars,8.6,1.4M,1977,PG,"['Action', 'Adventure', 'Fantasy']",2h 1m,"https://m.media-amazon.com/images/M/MV5BOTA5NjhiOTAtZWM0ZC00MWNhLThiMzEtZDFkOTk2OTU1ZDJkXkEyXkFqcGdeQXVyMTA4NDI1NTQx._V1_QL75_UX140_CR0,3,140,207_.jpg"
29,魔鬼終結者2,Terminator 2: Judgment Day,8.6,1.1M,1991,R-12,"['Action', 'Sci-Fi']",2h 17m,"https://m.media-amazon.com/images/M/MV5BMGU2NzRmZjUtOGUxYS00ZjdjLWEwZWItY2NlM2JhNjkxNTFmXkEyXkFqcGdeQXVyNjU0OTQ0OTY@._V1_QL75_UX140_CR0,0,140,207_.jpg"
30,回到未來,Back to the Future,8.5,1.3M,1985,U,"['Adventure', 'Comedy', 'Sci-Fi']",1h 56m,"https://m.media-amazon.com/images/M/MV5BZmU0M2Y1OGUtZjIxNi00ZjBkLTg1MjgtOWIyNThiZWIwYjRiXkEyXkFqcGdeQXVyMTQxNzMzNDI@._V1_QL75_UX140_CR0,5,140,207_.jpg"
31,神隱少女,Sen to Chihiro no kamikakushi,8.6,813K,2001,GP,"['Animation', 'Adventure', 'Family']",2h 5m,"https://m.media-amazon.com/images/M/MV5BMjlmZmI5MDctNDE2YS00YWE0LWE5ZWItZDBhYWQ0NTcxNWRhXkEyXkFqcGdeQXVyMTMxODk2OTU@._V1_QL75_UX140_CR0,0,140,207_.jpg"
32,戰地琴人,The Pianist,8.5,882K,2002,12+,"['Biography', 'Drama', 'Music']",2h 30m,"https://m.media-amazon.com/images/M/MV5BOWRiZDIxZjktMTA1NC00MDQ2LWEzMjUtMTliZmY3NjQ3ODJiXkEyXkFqcGdeQXVyNjU0OTQ0OTY@._V1_QL75_UY207_CR5,0,140,207_.jpg"
33,驚魂記,Psycho,8.5,701K,1960,R,"['Horror', 'Mystery', 'Thriller']",1h 49m,"https://m.media-amazon.com/images/M/MV5BNTQwNDM1YzItNDAxZC00NWY2LTk0M2UtNDIwNWI5OGUyNWUxXkEyXkFqcGdeQXVyNzkwMjQ5NzM@._V1_QL75_UX140_CR0,0,140,207_.jpg"
34,寄生上流,Gisaengchung,8.5,894K,2019,R-12,"['Drama', 'Thriller']",2h 12m,"https://m.media-amazon.com/images/M/MV5BYWZjMjk3ZTItODQ2ZC00NTY5LWE0ZDYtZTI3MjcwN2Q5NTVkXkEyXkFqcGdeQXVyODk4OTc3MTY@._V1_QL75_UX140_CR0,0,140,207_.jpg"
35,神鬼戰士,Gladiator,8.5,1.6M,2000,R-12,"['Action', 'Adventure', 'Drama']",2h 35m,"https://m.media-amazon.com/images/M/MV5BMDliMmNhNDEtODUyOS00MjNlLTgxODEtN2U3NzIxMGVkZTA1L2ltYWdlXkEyXkFqcGdeQXVyNjU0OTQ0OTY@._V1_QL75_UX140_CR0,0,140,207_.jpg"
36,獅子王,The Lion King,8.5,1.1M,1994,GP,"['Animation', 'Adventure', 'Drama']",1h 28m,"https://m.media-amazon.com/images/M/MV5BYTYxNGMyZTYtMjE3MS00MzNjLWFjNmYtMDk3N2FmM2JiM2M1XkEyXkFqcGdeQXVyNjY5NDU4NzI@._V1_QL75_UX140_CR0,0,140,207_.jpg"
37,終極追殺令,Léon,8.5,1.2M,1994,R-15,"['Action', 'Crime', 'Drama']",1h 50m,"https://m.media-amazon.com/images/M/MV5BOTgyMWQ0ZWUtN2Q2MS00NmY0LWI3OWMtNjFkMzZlNDZjNTk0XkEyXkFqcGdeQXVyMjUzOTY1NTc@._V1_QL75_UX140_CR0,1,140,207_.jpg"
38,美國X檔案,American History X,8.5,1.2M,1998,R-18,"['Crime', 'Drama']",1h 59m,"https://m.media-amazon.com/images/M/MV5BZTJhN2FkYWEtMGI0My00YWM4LWI2MjAtM2UwNjY4MTI2ZTQyXkEyXkFqcGdeQXVyNjc3MjQzNTI@._V1_QL75_UX140_CR0,0,140,207_.jpg"
39,神鬼無間,The Departed,8.5,1.4M,2006,18 +,"['Crime', 'Drama', 'Thriller']",2h 31m,"https://m.media-amazon.com/images/M/MV5BMTI1MTY2OTIxNV5BMl5BanBnXkFtZTYwNjQ4NjY3._V1_QL75_UY207_CR0,0,140,207_.jpg"
40,進擊的鼓手,Whiplash,8.5,937K,2014,P,"['Drama', 'Music']",1h 46m,"https://m.media-amazon.com/images/M/MV5BOTA5NDZlZGUtMjAxOS00YTRkLTkwYmMtYWQ0NWEwZDZiNjEzXkEyXkFqcGdeQXVyMTMxODk2OTU@._V1_QL75_UX140_CR0,0,140,207_.jpg"
41,頂尖對決,The Prestige,8.5,1.4M,2006,6 +,"['Drama', 'Mystery', 'Sci-Fi']",2h 10m,"https://m.media-amazon.com/images/M/MV5BMjA4NDI0MTIxNF5BMl5BanBnXkFtZTYwNTM0MzY2._V1_QL75_UX140_CR0,0,140,207_.jpg"
42,刺激驚爆點,The Usual Suspects,8.5,1.1M,1995,R,"['Crime', 'Drama', 'Mystery']",1h 46m,"https://m.media-amazon.com/images/M/MV5BYTViNjMyNmUtNDFkNC00ZDRlLThmMDUtZDU2YWE4NGI2ZjVmXkEyXkFqcGdeQXVyNjU0OTQ0OTY@._V1_QL75_UX140_CR0,1,140,207_.jpg"
43,螢火蟲之墓,Hotaru no haka,8.5,297K,1988,Not Rated,"['Animation', 'Drama', 'War']",1h 29m,"https://m.media-amazon.com/images/M/MV5BZmY2NjUzNDQtNTgxNC00M2Q4LTljOWQtMjNjNDBjNWUxNmJlXkEyXkFqcGdeQXVyNTA4NzY1MzY@._V1_QL75_UX140_CR0,1,140,207_.jpg"
44,切腹,Seppuku,8.6,64K,1962,Not Rated,"['Action', 'Drama', 'Mystery']",2h 13m,"https://m.media-amazon.com/images/M/MV5BYjBmYTQ1NjItZWU5MS00YjI0LTg2OTYtYmFkN2JkMmNiNWVkXkEyXkFqcGdeQXVyMTMxMTY0OTQ@._V1_QL75_UY207_CR6,0,140,207_.jpg"
45,北非諜影,Casablanca,8.5,593K,1942,PG-12,"['Drama', 'Romance', 'War']",1h 42m,"https://m.media-amazon.com/images/M/MV5BY2IzZGY2YmEtYzljNS00NTM5LTgwMzUtMzM1NjQ4NGI0OTk0XkEyXkFqcGdeQXVyNDYyMDk5MTU@._V1_QL75_UX140_CR0,2,140,207_.jpg"
46,奧本海默,Oppenheimer,8.5,461K,2023,15+,"['Biography', 'Drama', 'History']",3h,"https://m.media-amazon.com/images/M/MV5BODgzOWQyOGItNjcxNi00MDliLTljNzMtZTZiMjc1ZWJiMDM3XkEyXkFqcGdeQXVyNDE2NTEzNw@@._V1_QL75_UX140_CR0,7,140,207_.jpg"
47,逆轉人生,Intouchables,8.5,901K,2011,6+,"['Biography', 'Comedy', 'Drama']",1h 52m,"https://m.media-amazon.com/images/M/MV5BMTYxNDA3MDQwNl5BMl5BanBnXkFtZTcwNTU4Mzc1Nw@@._V1_QL75_UX140_CR0,0,140,207_.jpg"
48,摩登時代,Modern Times,8.5,253K,1936,G,"['Comedy', 'Drama', 'Romance']",1h 27m,"https://m.media-amazon.com/images/M/MV5BYjJiZjMzYzktNjU0NS00OTkxLWEwYzItYzdhYWJjN2QzMTRlL2ltYWdlL2ltYWdlXkEyXkFqcGdeQXVyNjU0OTQ0OTY@._V1_QL75_UX140_CR0,5,140,207_.jpg"
49,新天堂樂園,Nuovo Cinema Paradiso,8.5,275K,1988,PG,"['Drama', 'Romance']",2h 35m,"https://m.media-amazon.com/images/M/MV5BM2FhYjEyYmYtMDI1Yy00YTdlLWI2NWQtYmEzNzAxOGY1NjY2XkEyXkFqcGdeQXVyNTA3NTIyNDg@._V1_QL75_UX140_CR0,0,140,207_.jpg"
50,狂沙十萬里,C'era una volta il West,8.5,342K,1968,PG-13,['Western'],2h 45m,"https://m.media-amazon.com/images/M/MV5BODQ3NDExOGYtMzI3Mi00NWRlLTkwNjAtNjc4MDgzZGJiZTA1XkEyXkFqcGdeQXVyMjUzOTY1NTc@._V1_QL75_UX140_CR0,1,140,207_.jpg"
51,後窗,Rear Window,8.5,510K,1954,PG,"['Mystery', 'Thriller']",1h 52m,"https://m.media-amazon.com/images/M/MV5BNGUxYWM3M2MtMGM3Mi00ZmRiLWE0NGQtZjE5ODI2OTJhNTU0XkEyXkFqcGdeQXVyMTQxNzMzNDI@._V1_QL75_UY207_CR1,0,140,207_.jpg"
52,異形,Alien,8.5,923K,1979,12+,"['Horror', 'Sci-Fi']",1h 57m,"https://m.media-amazon.com/images/M/MV5BOGQzZTBjMjQtOTVmMS00NGE5LWEyYmMtOGQ1ZGZjNmRkYjFhXkEyXkFqcGdeQXVyMjUzOTY1NTc@._V1_QL75_UX140_CR0,2,140,207_.jpg"
53,城市之光,City Lights,8.5,192K,1931,G,"['Comedy', 'Drama', 'Romance']",1h 27m,"https://m.media-amazon.com/images/M/MV5BY2I4MmM1N2EtM2YzOS00OWUzLTkzYzctNDc5NDg2N2IyODJmXkEyXkFqcGdeQXVyNzkwMjQ5NzM@._V1_QL75_UX140_CR0,1,140,207_.jpg"
54,現代啟示錄,Apocalypse Now,8.4,694K,1979,R-18,"['Drama', 'Mystery', 'War']",2h 27m,"https://m.media-amazon.com/images/M/MV5BYmQyNTA1ZGItNjZjMi00NzFlLWEzMWEtNWMwN2Q2MjJhYzEyXkEyXkFqcGdeQXVyMjUzOTY1NTc@._V1_QL75_UX140_CR0,4,140,207_.jpg"
55,記憶拼圖,Memento,8.4,1.3M,2000,16+,"['Mystery', 'Thriller']",1h 53m,"https://m.media-amazon.com/images/M/MV5BZTcyNjk1MjgtOWI3Mi00YzQwLWI5MTktMzY4ZmI2NDAyNzYzXkEyXkFqcGdeQXVyNjU0OTQ0OTY@._V1_QL75_UY207_CR1,0,140,207_.jpg"
56,決殺令,Django Unchained,8.5,1.6M,2012,R-18,"['Drama', 'Western']",2h 45m,"https://m.media-amazon.com/images/M/MV5BMjIyNTQ5NjQ1OV5BMl5BanBnXkFtZTcwODg1MDU4OA@@._V1_QL75_UX140_CR0,0,140,207_.jpg"
57,法櫃奇兵,Raiders of the Lost Ark,8.4,1M,1981,U,"['Action', 'Adventure']",1h 55m,"https://m.media-amazon.com/images/M/MV5BNTU2ODkyY2MtMjU1NC00NjE1LWEzYjgtMWQ3MzRhMTE0NDc0XkEyXkFqcGdeQXVyMjM4MzQ4OTQ@._V1_QL75_UY207_CR1,0,140,207_.jpg"
58,瓦力,WALL·E,8.4,1.2M,2008,GP,"['Animation', 'Adventure', 'Family']",1h 38m,"https://m.media-amazon.com/images/M/MV5BMjExMTg5OTU0NF5BMl5BanBnXkFtZTcwMjMxMzMzMw@@._V1_QL75_UX140_CR0,0,140,207_.jpg"
59,竊聽風暴,Das Leben der Anderen,8.4,402K,2006,R,"['Drama', 'Mystery', 'Thriller']",2h 17m,"https://m.media-amazon.com/images/M/MV5BNmQyNmJjM2ItNTQzYi00ZjMxLWFjMDYtZjUyN2YwZDk5YWQ2XkEyXkFqcGdeQXVyMjUzOTY1NTc@._V1_QL75_UX140_CR0,1,140,207_.jpg"
60,日落大道,Sunset Blvd.,8.4,231K,1950,Passed,"['Drama', 'Film-Noir']",1h 50m,"https://m.media-amazon.com/images/M/MV5BMTU0NTkyNzYwMF5BMl5BanBnXkFtZTgwMDU0NDk5MTI@._V1_QL75_UX140_CR0,2,140,207_.jpg"
61,光榮之路,Paths of Glory,8.4,207K,1957,Approved,"['Drama', 'War']",1h 28m,"https://m.media-amazon.com/images/M/MV5BOTI5Nzc0OTMtYzBkMS00NjkxLThmM2UtNjM2ODgxN2M5NjNkXkEyXkFqcGdeQXVyNjQ2MjQ5NzM@._V1_QL75_UX140_CR0,3,140,207_.jpg"
62,復仇者聯盟：無限之戰,Avengers: Infinity War,8.4,1.2M,2018,PG-12,"['Action', 'Adventure', 'Sci-Fi']",2h 29m,"https://m.media-amazon.com/images/M/MV5BMjMxNjY2MDU1OV5BMl5BanBnXkFtZTgwNzY1MTUwNTM@._V1_QL75_UX140_CR0,0,140,207_.jpg"
63,鬼店,The Shining,8.4,1.1M,1980,15+,"['Drama', 'Horror']",2h 26m,"https://m.media-amazon.com/images/M/MV5BZWFlYmY2MGEtZjVkYS00YzU4LTg0YjQtYzY1ZGE3NTA5NGQxXkEyXkFqcGdeQXVyMTQxNzMzNDI@._V1_QL75_UX140_CR0,3,140,207_.jpg"
64,大獨裁者,The Great Dictator,8.4,233K,1940,G,"['Comedy', 'Drama', 'War']",2h 5m,"https://m.media-amazon.com/images/M/MV5BMmExYWJjNTktNGUyZS00ODhmLTkxYzAtNWIzOGEyMGNiMmUwXkEyXkFqcGdeQXVyNjU0OTQ0OTY@._V1_QL75_UY207_CR0,0,140,207_.jpg"
65,情婦,Witness for the Prosecution,8.4,133K,1957,Approved,"['Crime', 'Drama', 'Mystery']",1h 56m,"https://m.media-amazon.com/images/M/MV5BNDQwODU5OWYtNDcyNi00MDQ1LThiOGMtZDkwNWJiM2Y3MDg0XkEyXkFqcGdeQXVyMDI2NDg0NQ@@._V1_QL75_UX140_CR0,3,140,207_.jpg"
66,蜘蛛人：新宇宙,Spider-Man: Into the Spider-Verse,8.4,634K,2018,0+,"['Animation', 'Action', 'Adventure']",1h 57m,"https://m.media-amazon.com/images/M/MV5BMjMwNDkxMTgzOF5BMl5BanBnXkFtZTgwNTkwNTQ3NjM@._V1_QL75_UX140_CR0,0,140,207_.jpg"
67,異形2,Aliens,8.4,745K,1986,12+,"['Action', 'Adventure', 'Sci-Fi']",2h 17m,"https://m.media-amazon.com/images/M/MV5BOGJkY2EyOWYtYWRmNy00ZTEzLTllMDAtYzYzYjA0ZjFhZWJjXkEyXkFqcGdeQXVyMTUzMDUzNTI3._V1_QL75_UX140_CR0,2,140,207_.jpg"
68,惡棍特工,Inglourious Basterds,8.4,1.5M,2009,18 +,"['Adventure', 'Drama', 'War']",2h 33m,"https://m.media-amazon.com/images/M/MV5BOTJiNDEzOWYtMTVjOC00ZjlmLWE0NGMtZmE1OWVmZDQ2OWJhXkEyXkFqcGdeQXVyNTIzOTk5ODM@._V1_QL75_UX140_CR0,0,140,207_.jpg"
69,黑暗騎士：黎明昇起,The Dark Knight Rises,8.4,1.8M,2012,PG-12,"['Action', 'Drama', 'Thriller']",2h 44m,"https://m.media-amazon.com/images/M/MV5BMTk4ODQzNDY3Ml5BMl5BanBnXkFtZTcwODA0NTM4Nw@@._V1_QL75_UX140_CR0,0,140,207_.jpg"
70,美國心玫瑰情,American Beauty,8.3,1.2M,1999,R,['Drama'],2h 2m,"https://m.media-amazon.com/images/M/MV5BNTBmZWJkNjctNDhiNC00MGE2LWEwOTctZTk5OGVhMWMyNmVhXkEyXkFqcGdeQXVyMTMxODk2OTU@._V1_QL75_UX140_CR0,0,140,207_.jpg"
71,奇愛博士,Dr. Strangelove or: How I Learned to Stop Worrying and Love the Bomb,8.4,508K,1964,PG,"['Comedy', 'War']",1h 35m,"https://m.media-amazon.com/images/M/MV5BMWMxYjZkOWUtM2FjMi00MmI1LThkNzQtNTM5Y2E2ZGQ2NGFhXkEyXkFqcGdeQXVyMTA0MTM5NjI2._V1_QL75_UX140_CR0,1,140,207_.jpg"
72,原罪犯,Oldeuboi,8.4,613K,2003,R-18,"['Action', 'Drama', 'Mystery']",2h,"https://m.media-amazon.com/images/M/MV5BMTI3NTQyMzU5M15BMl5BanBnXkFtZTcwMTM2MjgyMQ@@._V1_QL75_UX140_CR0,0,140,207_.jpg"
73,可可夜總會,Coco,8.4,558K,2017,GP,"['Animation', 'Adventure', 'Drama']",1h 45m,"https://m.media-amazon.com/images/M/MV5BYjQ5NjM0Y2YtNjZkNC00ZDhkLWJjMWItN2QyNzFkMDE3ZjAxXkEyXkFqcGdeQXVyODIxMzk5NjA@._V1_QL75_UY207_CR3,0,140,207_.jpg"
74,阿瑪迪斯,Amadeus,8.4,418K,1984,PG-12,"['Biography', 'Drama', 'Music']",2h 40m,"https://m.media-amazon.com/images/M/MV5BNWJlNzUzNGMtYTAwMS00ZjI2LWFmNWQtODcxNWUxODA5YmU1XkEyXkFqcGdeQXVyNTIzOTk5ODM@._V1_QL75_UX140_CR0,5,140,207_.jpg"
75,玩具總動員,Toy Story,8.3,1M,1995,GP,"['Animation', 'Adventure', 'Comedy']",1h 21m,"https://m.media-amazon.com/images/M/MV5BMDU2ZWJlMjktMTRhMy00ZTA5LWEzNDgtYmNmZTEwZTViZWJkXkEyXkFqcGdeQXVyNDQ2OTk4MzI@._V1_QL75_UX140_CR0,1,140,207_.jpg"
76,從海底出擊,Das Boot,8.4,259K,1981,,"['Drama', 'War']",2h 29m,"https://m.media-amazon.com/images/M/MV5BNDBjMWUxNTUtNjZiNi00YzJhLTgzNzUtMTRiY2FkZmMzYTNjXkEyXkFqcGdeQXVyMTUzMDUzNTI3._V1_QL75_UX140_CR0,2,140,207_.jpg"
77,梅爾吉勃遜之英雄本色,Braveheart,8.3,1.1M,1995,18+,"['Biography', 'Drama', 'History']",2h 58m,"https://m.media-amazon.com/images/M/MV5BMzkzMmU0YTYtOWM3My00YzBmLWI0YzctOGYyNTkwMWE5MTJkXkEyXkFqcGdeQXVyNzkwMjQ5NzM@._V1_QL75_UY207_CR0,0,140,207_.jpg"
78,復仇者聯盟：終局之戰,Avengers: Endgame,8.4,1.2M,2019,PG-12,"['Action', 'Adventure', 'Drama']",3h 1m,"https://m.media-amazon.com/images/M/MV5BMTc5MDE2ODcwNV5BMl5BanBnXkFtZTgwMzI2NzQ2NzM@._V1_QL75_UX140_CR0,0,140,207_.jpg"
79,小丑,Joker,8.4,1.4M,2019,15+,"['Crime', 'Drama', 'Thriller']",2h 2m,"https://m.media-amazon.com/images/M/MV5BNGVjNWI4ZGUtNzE0MS00YTJmLWE0ZDctN2ZiYTk2YmI3NTYyXkEyXkFqcGdeQXVyMTkxNjUyNQ@@._V1_QL75_UX140_CR0,0,140,207_.jpg"
80,魔法公主,Mononoke-hime,8.3,417K,1997,PG-13,"['Animation', 'Action', 'Adventure']",2h 14m,"https://m.media-amazon.com/images/M/MV5BNTZkYmI0MmEtNGFlZC00OWZjLWFjMmItMjk1OWZkOWJiZGVjXkEyXkFqcGdeQXVyMTMxODk2OTU@._V1_QL75_UX140_CR0,1,140,207_.jpg"
81,心靈捕手,Good Will Hunting,8.3,1M,1997,15+,"['Drama', 'Romance']",2h 6m,"https://m.media-amazon.com/images/M/MV5BOTI0MzcxMTYtZDVkMy00NjY1LTgyMTYtZmUxN2M3NmQ2NWJhXkEyXkFqcGdeQXVyMTQxNzMzNDI@._V1_QL75_UX140_CR0,3,140,207_.jpg"
82,你的名字,Kimi no na wa.,8.4,301K,2016,0+,"['Animation', 'Drama', 'Fantasy']",1h 46m,"https://m.media-amazon.com/images/M/MV5BODRmZDVmNzUtZDA4ZC00NjhkLWI2M2UtN2M0ZDIzNDcxYThjL2ltYWdlXkEyXkFqcGdeQXVyNTk0MzMzODA@._V1_QL75_UX140_CR0,0,140,207_.jpg"
83,四海兄弟,Once Upon a Time in America,8.3,368K,1984,16+,"['Crime', 'Drama']",3h 49m,"https://m.media-amazon.com/images/M/MV5BMmQzZjdmZDAtOGE2Yy00MmUwLTljYzgtZTMwMjk3ZDdiOWUyXkEyXkFqcGdeQXVyNjc5NjEzNA@@._V1_QL75_UX140_CR0,1,140,207_.jpg"
84,三個傻瓜,3 Idiots,8.4,420K,2009,GP,"['Comedy', 'Drama']",2h 50m,"https://m.media-amazon.com/images/M/MV5BNTkyOGVjMGEtNmQzZi00NzFlLTlhOWQtODYyMDc2ZGJmYzFhXkEyXkFqcGdeQXVyNjU0OTQ0OTY@._V1_QL75_UY207_CR2,0,140,207_.jpg"
85,天國與地獄,Tengoku to jigoku,8.4,50K,1963,Not Rated,"['Crime', 'Drama', 'Mystery']",2h 23m,"https://m.media-amazon.com/images/M/MV5BOTI4NTNhZDMtMWNkZi00MTRmLWJmZDQtMmJkMGVmZTEzODlhXkEyXkFqcGdeQXVyNjc1NTYyMjg@._V1_QL75_UX140_CR0,1,140,207_.jpg"
86,萬花嬉春,Singin' in the Rain,8.3,254K,1952,GP,"['Comedy', 'Musical', 'Romance']",1h 43m,"https://m.media-amazon.com/images/M/MV5BZDRjNGViMjQtOThlMi00MTA3LThkYzQtNzJkYjBkMGE0YzE1XkEyXkFqcGdeQXVyNDYyMDk5MTU@._V1_QL75_UY207_CR1,0,140,207_.jpg"
87,我想有個家,Capharnaüm,8.4,100K,2018,R-12,['Drama'],2h 6m,"https://m.media-amazon.com/images/M/MV5BMmExNzU2ZWMtYzUwYi00YmM2LTkxZTQtNmVhNjY0NTMyMWI2XkEyXkFqcGdeQXVyMTMxODk2OTU@._V1_QL75_UY207_CR1,0,140,207_.jpg"
88,噩夢輓歌,Requiem for a Dream,8.3,877K,2000,R,['Drama'],1h 42m,"https://m.media-amazon.com/images/M/MV5BOTdiNzJlOWUtNWMwNS00NmFlLWI0YTEtZmI3YjIzZWUyY2Y3XkEyXkFqcGdeQXVyNjU0OTQ0OTY@._V1_QL75_UX140_CR0,1,140,207_.jpg"
89,玩具總動員3,Toy Story 3,8.3,872K,2010,GP,"['Animation', 'Adventure', 'Comedy']",1h 43m,"https://m.media-amazon.com/images/M/MV5BMTgxOTY4Mjc0MF5BMl5BanBnXkFtZTcwNTA4MDQyMw@@._V1_QL75_UY207_CR3,0,140,207_.jpg"
90,見證,Idi i smotri,8.4,91K,1985,Not Rated,"['Drama', 'Thriller', 'War']",2h 22m,"https://m.media-amazon.com/images/M/MV5BODM4Njg0NTAtYjI5Ny00ZjAxLTkwNmItZTMxMWU5M2U3M2RjXkEyXkFqcGdeQXVyNzkwMjQ5NzM@._V1_QL75_UX140_CR0,4,140,207_.jpg"
91,星際大戰六部曲：絕地大反攻,Star Wars: Episode VI - Return of the Jedi,8.3,1.1M,1983,PG,"['Action', 'Adventure', 'Fantasy']",2h 11m,"https://m.media-amazon.com/images/M/MV5BOWZlMjFiYzgtMTUzNC00Y2IzLTk1NTMtZmNhMTczNTk0ODk1XkEyXkFqcGdeQXVyNTAyODkwOQ@@._V1_QL75_UX140_CR0,5,140,207_.jpg"
92,王牌冤家,Eternal Sunshine of the Spotless Mind,8.3,1M,2004,6+,"['Drama', 'Romance', 'Sci-Fi']",1h 48m,"https://m.media-amazon.com/images/M/MV5BMTY4NzcwODg3Nl5BMl5BanBnXkFtZTcwNTEwOTMyMw@@._V1_QL75_UX140_CR0,0,140,207_.jpg"
93,2001：太空漫遊,2001: A Space Odyssey,8.3,701K,1968,GP,"['Adventure', 'Sci-Fi']",2h 29m,"https://m.media-amazon.com/images/M/MV5BMmNlYzRiNDctZWNhMi00MzI4LThkZTctMTUzMmZkMmFmNThmXkEyXkFqcGdeQXVyNzkwMjQ5NzM@._V1_QL75_UX140_CR0,0,140,207_.jpg"
94,謊言的烙印,Jagten,8.3,351K,2012,12+,['Drama'],1h 55m,"https://m.media-amazon.com/images/M/MV5BMTg2NDg3ODg4NF5BMl5BanBnXkFtZTcwNzk3NTc3Nw@@._V1_QL75_UY207_CR3,0,140,207_.jpg"
95,霸道橫行,Reservoir Dogs,8.3,1.1M,1992,18+,"['Crime', 'Thriller']",1h 39m,"https://m.media-amazon.com/images/M/MV5BZmExNmEwYWItYmQzOS00YjA5LTk2MjktZjEyZDE1Y2QxNjA1XkEyXkFqcGdeQXVyMTQxNzMzNDI@._V1_QL75_UX140_CR0,1,140,207_.jpg"
96,生之慾,Ikiru,8.3,84K,1952,Not Rated,['Drama'],2h 23m,"https://m.media-amazon.com/images/M/MV5BYWM1YmZkNTctZDAwNy00ZTY4LWFjMTktYzU4ZjViMmU1OTJmXkEyXkFqcGdeQXVyMTA0MTM5NjI2._V1_QL75_UX140_CR0,1,140,207_.jpg"
97,阿拉伯的勞倫斯,Lawrence of Arabia,8.3,307K,1962,13+,"['Adventure', 'Biography', 'Drama']",3h 38m,"https://m.media-amazon.com/images/M/MV5BYWY5ZjhjNGYtZmI2Ny00ODM0LWFkNzgtZmI1YzA2N2MxMzA0XkEyXkFqcGdeQXVyNjUwNzk3NDc@._V1_QL75_UY207_CR2,0,140,207_.jpg"
98,大國民,Citizen Kane,8.3,457K,1941,PG,"['Drama', 'Mystery']",1h 59m,"https://m.media-amazon.com/images/M/MV5BYjBiOTYxZWItMzdiZi00NjlkLWIzZTYtYmFhZjhiMTljOTdkXkEyXkFqcGdeQXVyNzkwMjQ5NzM@._V1_QL75_UX140_CR0,1,140,207_.jpg"
99,M就是兇手,M - Eine Stadt sucht einen Mörder,8.3,165K,1931,Passed,"['Crime', 'Mystery', 'Thriller']",1h 57m,"https://m.media-amazon.com/images/M/MV5BODA4ODk3OTEzMF5BMl5BanBnXkFtZTgwMTQ2ODMwMzE@._V1_QL75_UX140_CR0,1,140,207_.jpg"
100,公寓春光,The Apartment,8.3,191K,1960,Approved,"['Comedy', 'Drama', 'Romance']",2h 5m,"https://m.media-amazon.com/images/M/MV5BNzkwODFjNzItMmMwNi00MTU5LWE2MzktM2M4ZDczZGM1MmViXkEyXkFqcGdeQXVyNDY2MTk1ODk@._V1_QL75_UX140_CR0,7,140,207_.jpg"
101,北西北,North by Northwest,8.3,339K,1959,Approved,"['Action', 'Adventure', 'Mystery']",2h 16m,"https://m.media-amazon.com/images/M/MV5BZDA3NDExMTUtMDlhOC00MmQ5LWExZGUtYmI1NGVlZWI4OWNiXkEyXkFqcGdeQXVyNjc1NTYyMjg@._V1_QL75_UX140_CR0,2,140,207_.jpg"
102,迷魂記,Vertigo,8.3,418K,1958,12+,"['Mystery', 'Romance', 'Thriller']",2h 8m,"https://m.media-amazon.com/images/M/MV5BYTE4ODEwZDUtNDFjOC00NjAxLWEzYTQtYTI1NGVmZmFlNjdiL2ltYWdlL2ltYWdlXkEyXkFqcGdeQXVyNjc1NTYyMjg@._V1_QL75_UX140_CR0,5,140,207_.jpg"
103,雙重賠償,Double Indemnity,8.3,164K,1944,Passed,"['Crime', 'Drama', 'Film-Noir']",1h 47m,"https://m.media-amazon.com/images/M/MV5BOTdlNjgyZGUtOTczYi00MDdhLTljZmMtYTEwZmRiOWFkYjRhXkEyXkFqcGdeQXVyNDY2MTk1ODk@._V1_QL75_UX140_CR0,2,140,207_.jpg"
104,艾蜜莉的異想世界,Le fabuleux destin d'Amélie Poulain,8.3,780K,2001,R-12,"['Comedy', 'Romance']",2h 2m,"https://m.media-amazon.com/images/M/MV5BNDg4NjM1YjMtYmNhZC00MjM0LWFiZmYtNGY1YjA3MzZmODc5XkEyXkFqcGdeQXVyNDk3NzU2MTQ@._V1_QL75_UX140_CR0,1,140,207_.jpg"
105,疤面煞星,Scarface,8.3,888K,1983,R-18,"['Crime', 'Drama']",2h 50m,"https://m.media-amazon.com/images/M/MV5BNjdjNGQ4NDEtNTEwYS00MTgxLTliYzQtYzE2ZDRiZjFhZmNlXkEyXkFqcGdeQXVyNjU0OTQ0OTY@._V1_QL75_UX140_CR0,1,140,207_.jpg"
106,金甲部隊,Full Metal Jacket,8.3,772K,1987,R-18,"['Drama', 'War']",1h 56m,"https://m.media-amazon.com/images/M/MV5BNzkxODk0NjEtYjc4Mi00ZDI0LTgyYjEtYzc1NDkxY2YzYTgyXkEyXkFqcGdeQXVyNzkwMjQ5NzM@._V1_QL75_UX140_CR0,1,140,207_.jpg"
107,發條橘子,A Clockwork Orange,8.3,862K,1971,R-18,"['Crime', 'Sci-Fi']",2h 16m,"https://m.media-amazon.com/images/M/MV5BMTY3MjM1Mzc4N15BMl5BanBnXkFtZTgwODM0NzAxMDE@._V1_QL75_UX140_CR0,0,140,207_.jpg"
108,烈火焚身,Incendies,8.3,190K,2010,12+,"['Drama', 'Mystery', 'War']",2h 11m,"https://m.media-amazon.com/images/M/MV5BMWE3MGYzZjktY2Q5Mi00Y2NiLWIyYWUtMmIyNzA3YmZlMGFhXkEyXkFqcGdeQXVyMTMxODk2OTU@._V1_QL75_UX140_CR0,1,140,207_.jpg"
109,烈火悍將,Heat,8.3,696K,1995,18+,"['Action', 'Crime', 'Drama']",2h 50m,"https://m.media-amazon.com/images/M/MV5BYjZjNTJlZGUtZTE1Ny00ZDc4LTgwYjUtMzk0NDgwYzZjYTk1XkEyXkFqcGdeQXVyNjU0OTQ0OTY@._V1_QL75_UY207_CR2,0,140,207_.jpg"
110,天外奇蹟,Up,8.3,1.1M,2009,GP,"['Animation', 'Adventure', 'Comedy']",1h 36m,"https://m.media-amazon.com/images/M/MV5BYjBkM2RjMzItM2M3Ni00N2NjLWE3NzMtMGY4MzE4MDAzMTRiXkEyXkFqcGdeQXVyNDUzOTQ5MjY@._V1_QL75_UX140_CR0,0,140,207_.jpg"
111,漢密爾頓,Hamilton,8.3,107K,2020,PG-13,"['Biography', 'Drama', 'History']",2h 40m,"https://m.media-amazon.com/images/M/MV5BNjViNWRjYWEtZTI0NC00N2E3LTk0NGQtMjY4NTM3OGNkZjY0XkEyXkFqcGdeQXVyMjUxMTY3ODM@._V1_QL75_UX140_CR0,0,140,207_.jpg"
112,梅崗城故事,To Kill a Mockingbird,8.3,327K,1962,P,"['Crime', 'Drama']",2h 9m,"https://m.media-amazon.com/images/M/MV5BNmVmYzcwNzMtMWM1NS00MWIyLThlMDEtYzUwZDgzODE1NmE2XkEyXkFqcGdeQXVyNzkwMjQ5NzM@._V1_QL75_UX140_CR0,3,140,207_.jpg"
113,刺激,The Sting,8.3,273K,1973,PG,"['Comedy', 'Crime', 'Drama']",2h 9m,"https://m.media-amazon.com/images/M/MV5BNGU3NjQ4YTMtZGJjOS00YTQ3LThmNmItMTI5MDE2ODI3NzY3XkEyXkFqcGdeQXVyMjUzOTY1NTc@._V1_QL75_UX140_CR0,3,140,207_.jpg"
114,分居風暴,Jodaeiye Nader az Simin,8.3,253K,2011,PG-13,['Drama'],2h 3m,"https://m.media-amazon.com/images/M/MV5BN2JmMjViMjMtZTM5Mi00ZGZkLTk5YzctZDg5MjFjZDE4NjNkXkEyXkFqcGdeQXVyMTMxODk2OTU@._V1_QL75_UX140_CR0,0,140,207_.jpg"
115,聖戰奇兵,Indiana Jones and the Last Crusade,8.2,794K,1989,PG-13,"['Action', 'Adventure']",2h 7m,"https://m.media-amazon.com/images/M/MV5BY2Q0ODg4ZmItNDZiYi00ZWY5LTg2NzctNmYwZjA5OThmNzE1XkEyXkFqcGdeQXVyMjM4MzQ4OTQ@._V1_QL75_UX140_CR0,0,140,207_.jpg"
116,大都會,Metropolis,8.3,181K,1927,Not Rated,"['Drama', 'Sci-Fi']",2h 33m,"https://m.media-amazon.com/images/M/MV5BMTg5YWIyMWUtZDY5My00Zjc1LTljOTctYmI0MWRmY2M2NmRkXkEyXkFqcGdeQXVyMTMxODk2OTU@._V1_QL75_UY207_CR0,0,140,207_.jpg"
117,終極警探,Die Hard,8.2,915K,1988,R,"['Action', 'Thriller']",2h 12m,"https://m.media-amazon.com/images/M/MV5BZjRlNDUxZjAtOGQ4OC00OTNlLTgxNmQtYTBmMDgwZmNmNjkxXkEyXkFqcGdeQXVyNzkwMjQ5NzM@._V1_QL75_UX140_CR0,1,140,207_.jpg"
118,心中的小星星,Taare Zameen Par,8.3,202K,2007,PG,"['Drama', 'Family']",2h 45m,"https://m.media-amazon.com/images/M/MV5BYjY0MGU3MmQtMGVhOS00M2IyLWI1MTktZGUxMzBjMTE5ZDA3XkEyXkFqcGdeQXVyNjU0OTQ0OTY@._V1_QL75_UY207_CR2,0,140,207_.jpg"
119,偷拐搶騙,Snatch,8.2,889K,2000,12+,"['Comedy', 'Crime']",1h 44m,"https://m.media-amazon.com/images/M/MV5BMTA2NDYxOGYtYjU1Mi00Y2QzLTgxMTQtMWI1MGI0ZGQ5MmU4XkEyXkFqcGdeQXVyNDk3NzU2MTQ@._V1_QL75_UY207_CR1,0,140,207_.jpg"
120,單車失竊記,Ladri di biciclette,8.3,171K,1948,Not Rated,['Drama'],1h 29m,"https://m.media-amazon.com/images/M/MV5BNmI1ODdjODctMDlmMC00ZWViLWI5MzYtYzRhNDdjYmM3MzFjXkEyXkFqcGdeQXVyMTMxODk2OTU@._V1_QL75_UY207_CR2,0,140,207_.jpg"
121,鐵面特警隊,L.A. Confidential,8.2,603K,1997,18 +,"['Crime', 'Drama', 'Mystery']",2h 18m,"https://m.media-amazon.com/images/M/MV5BMDQ2YzEyZGItYWRhOS00MjBmLTkzMDUtMTdjYzkyMmQxZTJlXkEyXkFqcGdeQXVyNjU0OTQ0OTY@._V1_QL75_UY207_CR1,0,140,207_.jpg"
122,計程車司機,Taxi Driver,8.2,889K,1976,12+,"['Crime', 'Drama']",1h 54m,"https://m.media-amazon.com/images/M/MV5BM2M1MmVhNDgtNmI0YS00ZDNmLTkyNjctNTJiYTQ2N2NmYzc2XkEyXkFqcGdeQXVyNzkwMjQ5NzM@._V1_QL75_UX140_CR0,3,140,207_.jpg"
123,1917,,8.2,645K,2019,PG-12,"['Action', 'Drama', 'War']",1h 59m,"https://m.media-amazon.com/images/M/MV5BZmY5ZWZjMDItMDg3Mi00ZWFmLWFjMzQtZDgwZjFiMWZhNTVjXkEyXkFqcGdeQXVyMjIzNzYzNzE@._V1_QL75_UX140_CR0,0,140,207_.jpg"
124,帝國毀滅,Der Untergang,8.2,368K,2004,R-12,"['Biography', 'Drama', 'History']",2h 36m,"https://m.media-amazon.com/images/M/MV5BMTU0NTU5NTAyMl5BMl5BanBnXkFtZTYwNzYwMDg2._V1_QL75_UY207_CR1,0,140,207_.jpg"
125,我和我的冠軍女兒,Dangal,8.3,203K,2016,GP,"['Action', 'Biography', 'Drama']",2h 41m,"https://m.media-amazon.com/images/M/MV5BMTQ4MzQzMzM2Nl5BMl5BanBnXkFtZTgwMTQ1NzU3MDI@._V1_QL75_UY207_CR4,0,140,207_.jpg"
126,黃昏雙鏢客,Per qualche dollaro in più,8.2,268K,1965,R,"['Drama', 'Western']",2h 12m,"https://m.media-amazon.com/images/M/MV5BMzJlZTNkYjQtMTE1OS00YTJlLTgxNjItYzg4NTllODdkMzBiXkEyXkFqcGdeQXVyMjUzOTY1NTc@._V1_QL75_UX140_CR0,3,140,207_.jpg"
127,蝙蝠俠：開戰時刻,Batman Begins,8.2,1.5M,2005,PG-12,"['Action', 'Crime', 'Drama']",2h 20m,"https://m.media-amazon.com/images/M/MV5BOTY4YjI2N2MtYmFlMC00ZjcyLTg3YjEtMDQyM2ZjYzQ5YWFkXkEyXkFqcGdeQXVyMTQxNzMzNDI@._V1_QL75_UY207_CR0,0,140,207_.jpg"
128,捍衛戰士：獨行俠,Top Gun: Maverick,8.3,635K,2022,6+,"['Action', 'Drama']",2h 10m,"https://m.media-amazon.com/images/M/MV5BZWYzOGEwNTgtNWU3NS00ZTQ0LWJkODUtMmVhMjIwMjA1ZmQwXkEyXkFqcGdeQXVyMjkwOTAyMDU@._V1_QL75_UX140_CR0,0,140,207_.jpg"
129,熱情如火,Some Like It Hot,8.2,278K,1959,Passed,"['Comedy', 'Music', 'Romance']",2h 1m,"https://m.media-amazon.com/images/M/MV5BNzAyOGIxYjAtMGY2NC00ZTgyLWIwMWEtYzY0OWQ4NDFjOTc5XkEyXkFqcGdeQXVyNjU0OTQ0OTY@._V1_QL75_UX140_CR0,5,140,207_.jpg"
130,孤兒流浪記,The Kid,8.2,132K,1921,GP,"['Comedy', 'Drama', 'Family']",1h 8m,"https://m.media-amazon.com/images/M/MV5BZjhhMThhNDItNTY2MC00MmU1LTliNDEtNDdhZjdlNTY5ZDQ1XkEyXkFqcGdeQXVyNjc1NTYyMjg@._V1_QL75_UX140_CR0,2,140,207_.jpg"
131,華爾街之狼,The Wolf of Wall Street,8.2,1.5M,2013,R-18,"['Biography', 'Comedy', 'Crime']",3h,"https://m.media-amazon.com/images/M/MV5BMjIxMjgxNTk0MF5BMl5BanBnXkFtZTgwNjIyOTg2MDE@._V1_QL75_UX140_CR0,0,140,207_.jpg"
132,父親,The Father,8.2,179K,2020,U,"['Drama', 'Mystery']",1h 37m,"https://m.media-amazon.com/images/M/MV5BMTA3NjAwYTUtYWI5OS00YTkwLTg4MmItNmUxYTdkNzA4NDc2XkEyXkFqcGdeQXVyNzI1NzMxNzM@._V1_QL75_UY207_CR3,0,140,207_.jpg"
133,幸福綠皮書,Green Book,8.2,538K,2018,PG-12,"['Biography', 'Comedy', 'Drama']",2h 10m,"https://m.media-amazon.com/images/M/MV5BYzIzYmJlYTYtNGNiYy00N2EwLTk4ZjItMGYyZTJiOTVkM2RlXkEyXkFqcGdeQXVyODY1NDk1NjE@._V1_QL75_UX140_CR0,1,140,207_.jpg"
134,彗星美人,All About Eve,8.2,136K,1950,Passed,['Drama'],2h 18m,"https://m.media-amazon.com/images/M/MV5BYmE1M2Y3NTYtYTI0Mi00N2JlLTkzMzItOTY1MTlhNWNkMDgzXkEyXkFqcGdeQXVyMTUzMDUzNTI3._V1_QL75_UX140_CR0,2,140,207_.jpg"
135,紐倫堡大審,Judgment at Nuremberg,8.3,82K,1961,Approved,"['Drama', 'War']",2h 59m,"https://m.media-amazon.com/images/M/MV5BNDc2ODQ5NTE2MV5BMl5BanBnXkFtZTcwODExMjUyNA@@._V1_QL75_UX140_CR0,1,140,207_.jpg"
136,楚門的世界,The Truman Show,8.2,1.2M,1998,Universal,"['Comedy', 'Drama']",1h 43m,"https://m.media-amazon.com/images/M/MV5BMDIzODcyY2EtMmY2MC00ZWVlLTgwMzAtMjQwOWUyNmJjNTYyXkEyXkFqcGdeQXVyNDk3NzU2MTQ@._V1_QL75_UX140_CR0,0,140,207_.jpg"
137,黑金企業,There Will Be Blood,8.2,621K,2007,R-12,['Drama'],2h 38m,"https://m.media-amazon.com/images/M/MV5BMjAxODQ4MDU5NV5BMl5BanBnXkFtZTcwMDU4MjU1MQ@@._V1_QL75_UX140_CR0,0,140,207_.jpg"
138,賭國風雲,Casino,8.2,547K,1995,R-18,"['Crime', 'Drama']",2h 58m,"https://m.media-amazon.com/images/M/MV5BMTcxOWYzNDYtYmM4YS00N2NkLTk0NTAtNjg1ODgwZjAxYzI3XkEyXkFqcGdeQXVyNTA4NzY1MzY@._V1_QL75_UX140_CR0,1,140,207_.jpg"
139,亂,Ran,8.2,132K,1985,R-12,"['Action', 'Drama', 'War']",2h 40m,"https://m.media-amazon.com/images/M/MV5BMmU1NGYwZWYtOWExNi00ZTEyLTgwMmUtM2ZlMDVjNWM4YjVlXkEyXkFqcGdeQXVyMjUzOTY1NTc@._V1_QL75_UX140_CR0,3,140,207_.jpg"
140,隔離島,Shutter Island,8.2,1.4M,2010,R-12,"['Mystery', 'Thriller']",2h 18m,"https://m.media-amazon.com/images/M/MV5BYzhiNDkyNzktNTZmYS00ZTBkLTk2MDAtM2U0YjU1MzgxZjgzXkEyXkFqcGdeQXVyMTMxODk2OTU@._V1_QL75_UX140_CR0,0,140,207_.jpg"
141,羊男的迷宮,El laberinto del fauno,8.2,690K,2006,R-12,"['Drama', 'Fantasy', 'War']",1h 58m,"https://m.media-amazon.com/images/M/MV5BYzFjMThiMGItOWRlMC00MDI4LThmOGUtYTNlZGZiYWI1YjMyXkEyXkFqcGdeQXVyMjUzOTY1NTc@._V1_QL75_UX140_CR0,1,140,207_.jpg"
142,靈異第六感,The Sixth Sense,8.2,1M,1999,0+,"['Drama', 'Mystery', 'Thriller']",1h 47m,"https://m.media-amazon.com/images/M/MV5BMWM4NTFhYjctNzUyNi00NGMwLTk3NTYtMDIyNTZmMzRlYmQyXkEyXkFqcGdeQXVyMTAwMzUyOTc@._V1_QL75_UY207_CR0,0,140,207_.jpg"
143,侏羅紀公園,Jurassic Park,8.2,1M,1993,P,"['Action', 'Adventure', 'Sci-Fi']",2h 7m,"https://m.media-amazon.com/images/M/MV5BMjM2MDgxMDg0Nl5BMl5BanBnXkFtZTgwNTM2OTM5NDE@._V1_QL75_UX140_CR0,1,140,207_.jpg"
144,殺無赦,Unforgiven,8.2,427K,1992,6+,"['Drama', 'Western']",2h 10m,"https://m.media-amazon.com/images/M/MV5BODM3YWY4NmQtN2Y3Ni00OTg0LWFhZGQtZWE3ZWY4MTJlOWU4XkEyXkFqcGdeQXVyNjU0OTQ0OTY@._V1_QL75_UX140_CR0,1,140,207_.jpg"
145,美麗境界,A Beautiful Mind,8.2,965K,2001,12+,"['Biography', 'Drama']",2h 15m,"https://m.media-amazon.com/images/M/MV5BMzcwYWFkYzktZjAzNC00OGY1LWI4YTgtNzc5MzVjMDVmNjY0XkEyXkFqcGdeQXVyMTQxNzMzNDI@._V1_QL75_UX140_CR0,0,140,207_.jpg"
146,碧血金沙,The Treasure of the Sierra Madre,8.2,130K,1948,Passed,"['Adventure', 'Drama', 'Western']",2h 6m,"https://m.media-amazon.com/images/M/MV5BOTJlZWMxYzEtMjlkMS00ODE0LThlM2ItMDI3NGQ2YjhmMzkxXkEyXkFqcGdeQXVyMDI2NDg0NQ@@._V1_QL75_UX140_CR0,2,140,207_.jpg"
147,大鏢客,Yôjinbô,8.2,128K,1961,Not Rated,"['Action', 'Drama', 'Thriller']",1h 50m,"https://m.media-amazon.com/images/M/MV5BZThiZjAzZjgtNDU3MC00YThhLThjYWUtZGRkYjc2ZWZlOTVjXkEyXkFqcGdeQXVyNTA4NzY1MzY@._V1_QL75_UX140_CR0,1,140,207_.jpg"
148,險路勿近,No Country for Old Men,8.2,1M,2007,R-18,"['Crime', 'Drama', 'Thriller']",2h 2m,"https://m.media-amazon.com/images/M/MV5BMjA5Njk3MjM4OV5BMl5BanBnXkFtZTcwMTc5MTE1MQ@@._V1_QL75_UY207_CR1,0,140,207_.jpg"
149,追殺比爾,Kill Bill: Vol. 1,8.2,1.2M,2003,R-18,"['Action', 'Crime', 'Thriller']",1h 51m,"https://m.media-amazon.com/images/M/MV5BNzM3NDFhYTAtYmU5Mi00NGRmLTljYjgtMDkyODQ4MjNkMGY2XkEyXkFqcGdeQXVyNzkwMjQ5NzM@._V1_QL75_UX140_CR0,1,140,207_.jpg"
150,聖杯傳奇,Monty Python and the Holy Grail,8.2,560K,1975,PG,"['Adventure', 'Comedy', 'Fantasy']",1h 31m,"https://m.media-amazon.com/images/M/MV5BN2IyNTE4YzUtZWU0Mi00MGIwLTgyMmQtMzQ4YzQxYWNlYWE2XkEyXkFqcGdeQXVyNjU0OTQ0OTY@._V1_QL75_UX140_CR0,1,140,207_.jpg"
151,突變第三型,The Thing,8.2,450K,1982,R,"['Horror', 'Mystery', 'Sci-Fi']",1h 49m,"https://m.media-amazon.com/images/M/MV5BNGViZWZmM2EtNGYzZi00ZDAyLTk3ODMtNzIyZTBjN2Y1NmM1XkEyXkFqcGdeQXVyNTAyODkwOQ@@._V1_QL75_UX140_CR0,1,140,207_.jpg"
152,第三集中營,The Great Escape,8.2,254K,1963,Approved,"['Adventure', 'Drama', 'History']",2h 52m,"https://m.media-amazon.com/images/M/MV5BNzA2NmYxMWUtNzBlMC00MWM2LTkwNmQtYTFlZjQwODNhOWE0XkEyXkFqcGdeQXVyNTIzOTk5ODM@._V1_QL75_UX140_CR0,6,140,207_.jpg"
153,羅生門,Rashômon,8.2,176K,1950,PG-12,"['Crime', 'Drama', 'Mystery']",1h 28m,"https://m.media-amazon.com/images/M/MV5BOTUwOTc3YzctMjJiZi00ZjE2LWFhODQtOTMyY2Q1MjU2OGI4XkEyXkFqcGdeQXVyNjc5NjEzNA@@._V1_QL75_UX140_CR0,1,140,207_.jpg"
154,海底總動員,Finding Nemo,8.2,1.1M,2003,GP,"['Animation', 'Adventure', 'Comedy']",1h 40m,"https://m.media-amazon.com/images/M/MV5BZmYxZjg3OWEtNzg5Yi00M2YzLWI1YzYtYTQ0NTgwNzhjN2E1XkEyXkFqcGdeQXVyNDUyOTg3Njg@._V1_QL75_UX140_CR0,0,140,207_.jpg"
155,象人,The Elephant Man,8.2,253K,1980,GP,"['Biography', 'Drama']",2h 4m,"https://m.media-amazon.com/images/M/MV5BMDVjNjIwOGItNDE3Ny00OThjLWE0NzQtZTU3YjMzZTZjMzhkXkEyXkFqcGdeQXVyMTQxNzMzNDI@._V1_QL75_UX140_CR0,1,140,207_.jpg"
156,唐人街,Chinatown,8.2,341K,1974,R,"['Drama', 'Mystery', 'Thriller']",2h 10m,"https://m.media-amazon.com/images/M/MV5BMjJkMDZhYzItZTFhMi00ZGI4LThlNTAtZDNlYmEwNjFkNDYzXkEyXkFqcGdeQXVyMjUzOTY1NTc@._V1_QL75_UX140_CR0,2,140,207_.jpg"
157,霍爾的移動城堡,Hauru no ugoku shiro,8.2,427K,2004,GP,"['Animation', 'Adventure', 'Family']",1h 59m,"https://m.media-amazon.com/images/M/MV5BNmM4YTFmMmItMGE3Yy00MmRkLTlmZGEtMzZlOTQzYjk3MzA2XkEyXkFqcGdeQXVyMTMxODk2OTU@._V1_QL75_UX140_CR0,1,140,207_.jpg"
158,電話情殺案,Dial M for Murder,8.2,184K,1954,P,"['Crime', 'Thriller']",1h 45m,"https://m.media-amazon.com/images/M/MV5BOWIwODIxYWItZDI4MS00YzhhLWE3MmYtMzlhZDIwOTMzZmE5L2ltYWdlXkEyXkFqcGdeQXVyNjc1NTYyMjg@._V1_QL75_UX140_CR0,1,140,207_.jpg"
159,亂世佳人,Gone with the Wind,8.2,327K,1939,GP,"['Drama', 'Romance', 'War']",3h 58m,"https://m.media-amazon.com/images/M/MV5BYjUyZWZkM2UtMzYxYy00ZmQ3LWFmZTQtOGE2YjBkNjA3YWZlXkEyXkFqcGdeQXVyNzkwMjQ5NzM@._V1_QL75_UX140_CR0,3,140,207_.jpg"
160,V怪客,V for Vendetta,8.2,1.2M,2005,12+,"['Action', 'Drama', 'Sci-Fi']",2h 12m,"https://m.media-amazon.com/images/M/MV5BOTI5ODc3NzExNV5BMl5BanBnXkFtZTcwNzYxNzQzMw@@._V1_QL75_UX140_CR0,0,140,207_.jpg"
161,蠻牛,Raging Bull,8.1,370K,1980,R,"['Biography', 'Drama', 'Sport']",2h 9m,"https://m.media-amazon.com/images/M/MV5BYjRmODkzNDItMTNhNi00YjJlLTg0ZjAtODlhZTM0YzgzYThlXkEyXkFqcGdeQXVyNzQ1ODk3MTQ@._V1_QL75_UY207_CR1,0,140,207_.jpg"
162,兩根槍管,"Lock, Stock and Two Smoking Barrels",8.1,604K,1998,18+,"['Action', 'Comedy', 'Crime']",1h 47m,"https://m.media-amazon.com/images/M/MV5BMTAyN2JmZmEtNjAyMy00NzYwLThmY2MtYWQ3OGNhNjExMmM4XkEyXkFqcGdeQXVyNDk3NzU2MTQ@._V1_QL75_UX140_CR0,1,140,207_.jpg"
163,蜘蛛人：無家日,Spider-Man: No Way Home,8.2,836K,2021,0+,"['Action', 'Adventure', 'Fantasy']",2h 28m,"https://m.media-amazon.com/images/M/MV5BZWMyYzFjYTYtNTRjYi00OGExLWE2YzgtOGRmYjAxZTU3NzBiXkEyXkFqcGdeQXVyMzQ0MzA0NTM@._V1_QL75_UX140_CR0,0,140,207_.jpg"
164,私法爭鋒,Prisoners,8.1,774K,2013,16+,"['Crime', 'Drama', 'Mystery']",2h 33m,"https://m.media-amazon.com/images/M/MV5BMTg0NTIzMjQ1NV5BMl5BanBnXkFtZTcwNDc3MzM5OQ@@._V1_QL75_UY207_CR0,0,140,207_.jpg"
165,謎樣的雙眼,El secreto de sus ojos,8.2,218K,2009,R-18,"['Drama', 'Mystery', 'Romance']",2h 9m,"https://m.media-amazon.com/images/M/MV5BMTgwNTI3OTczOV5BMl5BanBnXkFtZTcwMTM3MTUyMw@@._V1_QL75_UY207_CR0,0,140,207_.jpg"
166,腦筋急轉彎,Inside Out,8.1,757K,2015,PG,"['Animation', 'Adventure', 'Comedy']",1h 35m,"https://m.media-amazon.com/images/M/MV5BOTgxMDQwMDk0OF5BMl5BanBnXkFtZTgwNjU5OTg2NDE@._V1_QL75_UX140_CR0,0,140,207_.jpg"
167,意外,"Three Billboards Outside Ebbing, Missouri",8.1,538K,2017,PG-12,"['Comedy', 'Crime', 'Drama']",1h 55m,"https://m.media-amazon.com/images/M/MV5BMjI0ODcxNzM1N15BMl5BanBnXkFtZTgwMzIwMTEwNDI@._V1_QL75_UX140_CR0,0,140,207_.jpg"
168,桂河大橋,The Bridge on the River Kwai,8.1,229K,1957,PG,"['Adventure', 'Drama', 'War']",2h 41m,"https://m.media-amazon.com/images/M/MV5BOGY5NmNlMmQtYzRlYy00NGQ5LWFkYjYtNzExZmQyMTg0ZDA0XkEyXkFqcGdeQXVyNDIzMzcwNjc@._V1_QL75_UX140_CR0,5,140,207_.jpg"
169,猜火車,Trainspotting,8.1,711K,1996,R-18,['Drama'],1h 33m,"https://m.media-amazon.com/images/M/MV5BMzA5Zjc3ZTMtMmU5YS00YTMwLWI4MWUtYTU0YTVmNjVmODZhXkEyXkFqcGdeQXVyNjU0OTQ0OTY@._V1_QL75_UX140_CR0,0,140,207_.jpg"
170,冰血暴,Fargo,8.1,705K,1996,R,"['Crime', 'Thriller']",1h 38m,"https://m.media-amazon.com/images/M/MV5BNDJiZDgyZjctYmRjMS00ZjdkLTkwMTEtNGU1NDg3NDQ0Yzk1XkEyXkFqcGdeQXVyNzkwMjQ5NzM@._V1_QL75_UY207_CR0,0,140,207_.jpg"
171,勇者無敵,Warrior,8.1,489K,2011,6+,"['Action', 'Drama', 'Sport']",2h 20m,"https://m.media-amazon.com/images/M/MV5BMTk4ODk5MTMyNV5BMl5BanBnXkFtZTcwMDMyNTg0Ng@@._V1_QL75_UX140_CR0,4,140,207_.jpg"
172,經典老爺車,Gran Torino,8.1,800K,2008,6+,['Drama'],1h 56m,"https://m.media-amazon.com/images/M/MV5BMTc5NTk2OTU1Nl5BMl5BanBnXkFtZTcwMDc3NjAwMg@@._V1_QL75_UY207_CR0,0,140,207_.jpg"
173,神鬼交鋒,Catch Me If You Can,8.1,1.1M,2002,PG-12,"['Biography', 'Crime', 'Drama']",2h 21m,"https://m.media-amazon.com/images/M/MV5BMTY5MzYzNjc5NV5BMl5BanBnXkFtZTYwNTUyNTc2._V1_QL75_UX140_CR0,0,140,207_.jpg"
174,龍貓,Tonari no Totoro,8.1,363K,1988,GP,"['Animation', 'Comedy', 'Family']",1h 26m,"https://m.media-amazon.com/images/M/MV5BYzJjMTYyMjQtZDI0My00ZjE2LTkyNGYtOTllNGQxNDMyZjE0XkEyXkFqcGdeQXVyMTMxODk2OTU@._V1_QL75_UY207_CR4,0,140,207_.jpg"
175,登峰造擊,Million Dollar Baby,8.1,709K,2004,PG-12,"['Drama', 'Sport']",2h 12m,"https://m.media-amazon.com/images/M/MV5BMTkxNzA1NDQxOV5BMl5BanBnXkFtZTcwNTkyMTIzMw@@._V1_QL75_UY207_CR0,0,140,207_.jpg"
176,克勞斯：聖誕節的秘密,Klaus,8.2,173K,2019,7+,"['Animation', 'Adventure', 'Comedy']",1h 36m,"https://m.media-amazon.com/images/M/MV5BMWYwOThjM2ItZGYxNy00NTQwLWFlZWEtM2MzM2Q5MmY3NDU5XkEyXkFqcGdeQXVyMTkxNjUyNQ@@._V1_QL75_UX140_CR0,0,140,207_.jpg"
177,哈利波特：死神的聖物2,Harry Potter and the Deathly Hallows - Part 2,8.1,920K,2011,PG-12,"['Adventure', 'Family', 'Fantasy']",2h 10m,"https://m.media-amazon.com/images/M/MV5BMGVmMWNiMDktYjQ0Mi00MWIxLTk0N2UtN2ZlYTdkN2IzNDNlXkEyXkFqcGdeQXVyODE5NzE3OTE@._V1_QL75_UX140_CR0,1,140,207_.jpg"
178,天堂的孩子,Bacheha-Ye aseman,8.2,79K,1997,PG,"['Drama', 'Family', 'Sport']",1h 29m,"https://m.media-amazon.com/images/M/MV5BZTYwZWQ4ZTQtZWU0MS00N2YwLWEzMDItZWFkZWY0MWVjODVhXkEyXkFqcGdeQXVyNjU0OTQ0OTY@._V1_QL75_UX140_CR0,4,140,207_.jpg"
179,銀翼殺手,Blade Runner,8.1,803K,1982,R-15,"['Action', 'Drama', 'Sci-Fi']",1h 57m,"https://m.media-amazon.com/images/M/MV5BNzQzMzJhZTEtOWM4NS00MTdhLTg0YjgtMjM4MDRkZjUwZDBlXkEyXkFqcGdeQXVyNjU0OTQ0OTY@._V1_QL75_UX140_CR0,0,140,207_.jpg"
180,自由之心,12 Years a Slave,8.1,727K,2013,R-12,"['Biography', 'Drama', 'History']",2h 14m,"https://m.media-amazon.com/images/M/MV5BMjExMTEzODkyN15BMl5BanBnXkFtZTcwNTU4NTc4OQ@@._V1_QL75_UX140_CR0,0,140,207_.jpg"
181,愛在黎明破曉時,Before Sunrise,8.1,329K,1995,U,"['Drama', 'Romance']",1h 41m,"https://m.media-amazon.com/images/M/MV5BZDdiZTAwYzAtMDI3Ni00OTRjLTkzN2UtMGE3MDMyZmU4NTU4XkEyXkFqcGdeQXVyNjU0OTQ0OTY@._V1_QL75_UX140_CR0,0,140,207_.jpg"
182,歡迎來到布達佩斯大飯店,The Grand Budapest Hotel,8.1,861K,2014,12+,"['Adventure', 'Comedy', 'Crime']",1h 39m,"https://m.media-amazon.com/images/M/MV5BMzM5NjUxOTEyMl5BMl5BanBnXkFtZTgwNjEyMDM0MDE@._V1_QL75_UX140_CR0,0,140,207_.jpg"
183,淘金記,The Gold Rush,8.1,116K,1925,PG-12,"['Adventure', 'Comedy', 'Drama']",1h 35m,"https://m.media-amazon.com/images/M/MV5BODI0NTFkMTItOTYyNC00MzQ4LTgzZWMtMzdhMDAyOWU5YjA5XkEyXkFqcGdeQXVyNzQ1ODk3MTQ@._V1_QL75_UY207_CR3,0,140,207_.jpg"
184,賓漢,Ben-Hur,8.1,249K,1959,G,"['Adventure', 'Drama']",3h 32m,"https://m.media-amazon.com/images/M/MV5BNjgxY2JiZDYtZmMwOC00ZmJjLWJmODUtMTNmNWNmYWI5ODkwL2ltYWdlL2ltYWdlXkEyXkFqcGdeQXVyNjc1NTYyMjg@._V1_QL75_UX140_CR0,2,140,207_.jpg"
185,控制,Gone Girl,8.1,1M,2014,R-12,"['Drama', 'Mystery', 'Thriller']",2h 29m,"https://m.media-amazon.com/images/M/MV5BMTk0MDQ3MzAzOV5BMl5BanBnXkFtZTgwNzU1NzE3MjE@._V1_QL75_UY207_CR0,0,140,207_.jpg"
186,亂世兒女,Barry Lyndon,8.1,178K,1975,PG,"['Adventure', 'Drama', 'War']",3h 5m,"https://m.media-amazon.com/images/M/MV5BNmY0MWY2NDctZDdmMi00MjA1LTk0ZTQtZDMyZTQ1NTNlYzVjXkEyXkFqcGdeQXVyMjUzOTY1NTc@._V1_QL75_UX140_CR0,3,140,207_.jpg"
187,岸上風雲,On the Waterfront,8.1,161K,1954,Approved,"['Crime', 'Drama', 'Thriller']",1h 48m,"https://m.media-amazon.com/images/M/MV5BY2I0MWFiZDMtNWQyYy00Njk5LTk3MDktZjZjNTNmZmVkYjkxXkEyXkFqcGdeQXVyNjc1NTYyMjg@._V1_QL75_UX140_CR0,2,140,207_.jpg"
188,鋼鐵英雄,Hacksaw Ridge,8.1,570K,2016,15+,"['Biography', 'Drama', 'History']",2h 19m,"https://m.media-amazon.com/images/M/MV5BMjQ1NjM3MTUxNV5BMl5BanBnXkFtZTgwMDc5MTY5OTE@._V1_QL75_UX140_CR0,4,140,207_.jpg"
189,以父之名,In the Name of the Father,8.1,183K,1993,R,"['Biography', 'Crime', 'Drama']",2h 13m,"https://m.media-amazon.com/images/M/MV5BMmYyOTgwYWItYmU3Ny00M2E2LTk0NWMtMDVlNmQ0MWZiMTMxXkEyXkFqcGdeQXVyNzkwMjQ5NzM@._V1_QL75_UX140_CR0,1,140,207_.jpg"
190,殺人回憶,Salinui chueok,8.1,205K,2003,R-15,"['Crime', 'Drama', 'Mystery']",2h 11m,"https://m.media-amazon.com/images/M/MV5BOGViNTg4YTktYTQ2Ni00MTU0LTk2NWUtMTI4OTc1YTM0NzQ2XkEyXkFqcGdeQXVyMDM2NDM2MQ@@._V1_QL75_UX140_CR0,0,140,207_.jpg"
191,將軍號,The General,8.1,96K,1926,Passed,"['Action', 'Adventure', 'Comedy']",1h 18m,"https://m.media-amazon.com/images/M/MV5BYmRiMDFlYjYtOTMwYy00OGY2LWE0Y2QtYzQxOGNhZmUwNTIxXkEyXkFqcGdeQXVyNzkwMjQ5NzM@._V1_QL75_UX140_CR0,0,140,207_.jpg"
192,越戰獵鹿人,The Deer Hunter,8.1,353K,1978,R-18,"['Drama', 'War']",3h 3m,"https://m.media-amazon.com/images/M/MV5BNDhmNTA0ZDMtYjhkNS00NzEzLWIzYTItOGNkMTVmYjE2YmI3XkEyXkFqcGdeQXVyNzkwMjQ5NzM@._V1_QL75_UY207_CR0,0,140,207_.jpg"
193,野草莓,Smultronstället,8.1,112K,1957,Not Rated,"['Drama', 'Romance']",1h 31m,"https://m.media-amazon.com/images/M/MV5BYWQxYzdhMDMtNjAyZC00NzE0LWFjYmQtYjk0YzMyYjA5NzZkXkEyXkFqcGdeQXVyMjUzOTY1NTc@._V1_QL75_UX140_CR0,3,140,207_.jpg"
194,黑獄亡魂,The Third Man,8.1,178K,1949,PG-12,"['Film-Noir', 'Mystery', 'Thriller']",1h 44m,"https://m.media-amazon.com/images/M/MV5BYjE2OTdhMWUtOGJlMy00ZDViLWIzZjgtYjZkZGZmMDZjYmEyXkEyXkFqcGdeQXVyNzkwMjQ5NzM@._V1_QL75_UX140_CR0,1,140,207_.jpg"
195,恐懼的代價,Le salaire de la peur,8.2,65K,1953,Not Rated,"['Adventure', 'Drama', 'Thriller']",2h 11m,"https://m.media-amazon.com/images/M/MV5BZDdkNzMwZmUtY2Q5MS00ZmM2LWJhYjItYTBjMWY0MGM4MDRjXkEyXkFqcGdeQXVyNTA4NzY1MzY@._V1_QL75_UY207_CR1,0,140,207_.jpg"
196,生命中最抓狂的小事,Relatos salvajes,8.1,210K,2014,R-18,"['Comedy', 'Drama', 'Thriller']",2h 2m,"https://m.media-amazon.com/images/M/MV5BOWUwNTc5MDgtNDQxZS00Yjk3LWFhNDYtOTY4ZjJiNmY5NzJiXkEyXkFqcGdeQXVyMjgyNjk3MzE@._V1_QL75_UY207_CR3,0,140,207_.jpg"
197,少年福爾摩斯,Sherlock Jr.,8.2,54K,1924,Passed,"['Action', 'Comedy', 'Romance']",45m,"https://m.media-amazon.com/images/M/MV5BZWFhOGU5NDctY2Q3YS00Y2VlLWI1NzEtZmIwY2ZiZjY4OTA2XkEyXkFqcGdeQXVyMDI2NDg0NQ@@._V1_QL75_UX140_CR0,7,140,207_.jpg"
198,春風化雨,Dead Poets Society,8.1,524K,1989,0+,"['Comedy', 'Drama']",2h 8m,"https://m.media-amazon.com/images/M/MV5BOGYwYWNjMzgtNGU4ZC00NWQ2LWEwZjUtMzE1Zjc3NjY3YTU1XkEyXkFqcGdeQXVyMTQxNzMzNDI@._V1_QL75_UY207_CR0,0,140,207_.jpg"
199,瘋狂麥斯：憤怒道,Mad Max: Fury Road,8.1,1.1M,2015,12+,"['Action', 'Adventure', 'Sci-Fi']",2h,"https://m.media-amazon.com/images/M/MV5BYWNhM2U5MzQtMDAzNi00OTZjLWE1ODItNjdhZmI0NGMyYWY3XkEyXkFqcGdeQXVyNzI1NzMxNzM@._V1_QL75_UY207_CR3,0,140,207_.jpg"
200,華府風雲,Mr. Smith Goes to Washington,8.1,119K,1939,Passed,"['Comedy', 'Drama']",2h 9m,"https://m.media-amazon.com/images/M/MV5BZTYwYjYxYzgtMDE1Ni00NzU4LWJlMTEtODQ5YmJmMGJhZjI5L2ltYWdlXkEyXkFqcGdeQXVyMDI2NDg0NQ@@._V1_QL75_UX140_CR0,2,140,207_.jpg"
201,怪獸電力公司,"Monsters, Inc.",8.1,952K,2001,GP,"['Animation', 'Adventure', 'Comedy']",1h 32m,"https://m.media-amazon.com/images/M/MV5BMTY1NTI0ODUyOF5BMl5BanBnXkFtZTgwNTEyNjQ0MDE@._V1_QL75_UX140_CR0,0,140,207_.jpg"
202,大白鯊,Jaws,8.1,642K,1975,GP,"['Adventure', 'Mystery', 'Thriller']",2h 4m,"https://m.media-amazon.com/images/M/MV5BMmVmODY1MzEtYTMwZC00MzNhLWFkNDMtZjAwM2EwODUxZTA5XkEyXkFqcGdeQXVyNTAyODkwOQ@@._V1_QL75_UX140_CR0,4,140,207_.jpg"
203,馴龍高手,How to Train Your Dragon,8.1,778K,2010,7+,"['Animation', 'Action', 'Adventure']",1h 38m,"https://m.media-amazon.com/images/M/MV5BMjA5NDQyMjc2NF5BMl5BanBnXkFtZTcwMjg5ODcyMw@@._V1_QL75_UX140_CR0,0,140,207_.jpg"
204,巧克力情緣,Mary and Max.,8.1,183K,2009,Not Rated,"['Animation', 'Comedy', 'Drama']",1h 32m,"https://m.media-amazon.com/images/M/MV5BMDgzYjQwMDMtNGUzYi00MTRmLWIyMGMtNjE1OGZkNzY2YWIzL2ltYWdlXkEyXkFqcGdeQXVyNjU0OTQ0OTY@._V1_QL75_UY207_CR3,0,140,207_.jpg"
205,第七封印,Det sjunde inseglet,8.1,194K,1957,Not Rated,"['Drama', 'Fantasy']",1h 36m,"https://m.media-amazon.com/images/M/MV5BOWM3MmE0OGYtOGVlNC00OWE1LTk5ZTAtYmUwMDIwM2ZlNWJiXkEyXkFqcGdeQXVyMjUzOTY1NTc@._V1_QL75_UY207_CR1,0,140,207_.jpg"
206,不存在的房間,Room,8.1,440K,2015,R-12,"['Drama', 'Thriller']",1h 58m,"https://m.media-amazon.com/images/M/MV5BMjE4NzgzNzEwMl5BMl5BanBnXkFtZTgwMTMzMDE0NjE@._V1_QL75_UX140_CR0,0,140,207_.jpg"
207,賽道狂人,Ford v Ferrari,8.1,440K,2019,0+,"['Action', 'Biography', 'Drama']",2h 32m,"https://m.media-amazon.com/images/M/MV5BYThiYWY2MzYtN2Y2Ni00OGFhLWEyOWMtNDhmMmYzODc4MGNlXkEyXkFqcGdeQXVyNzI1NzMxNzM@._V1_QL75_UY207_CR3,0,140,207_.jpg"
208,謀殺綠腳趾,The Big Lebowski,8.1,840K,1998,12+,"['Comedy', 'Crime']",1h 57m,"https://m.media-amazon.com/images/M/MV5BMzliZDk0NjctNjhlOC00MWEyLWI3OWYtNjA5ZDYxMTMzNTc5XkEyXkFqcGdeQXVyNTAyODkwOQ@@._V1_QL75_UY207_CR0,0,140,207_.jpg"
209,東京物語,Tôkyô monogatari,8.1,66K,1953,Not Rated,['Drama'],2h 16m,"https://m.media-amazon.com/images/M/MV5BMWJmYmEzZjEtNTc2Zi00MDFiLWI0MmEtYzExNDZmZWMwYzRlXkEyXkFqcGdeQXVyNzI1NzMxNzM@._V1_QL75_UY207_CR3,0,140,207_.jpg"
210,料理鼠王,Ratatouille,8.1,791K,2007,GP,"['Animation', 'Adventure', 'Comedy']",1h 51m,"https://m.media-amazon.com/images/M/MV5BMTMzODU0NTkxMF5BMl5BanBnXkFtZTcwMjQ4MzMzMw@@._V1_QL75_UX140_CR0,0,140,207_.jpg"
211,洛基,Rocky,8.1,612K,1976,PG,"['Drama', 'Sport']",2h,"https://m.media-amazon.com/images/M/MV5BNTBkMjg2MjYtYTZjOS00ODQ0LTg0MDEtM2FiNmJmOGU1NGEwXkEyXkFqcGdeQXVyMjUzOTY1NTc@._V1_QL75_UX140_CR0,3,140,207_.jpg"
212,盧安達飯店,Hotel Rwanda,8.1,366K,2004,PG-13,"['Biography', 'Drama', 'History']",2h 1m,"https://m.media-amazon.com/images/M/MV5BZGJjYmIzZmQtNWE4Yy00ZGVmLWJkZGEtMzUzNmQ4ZWFlMjRhXkEyXkFqcGdeQXVyMTMxODk2OTU@._V1_QL75_UY207_CR0,0,140,207_.jpg"
213,羅根,Logan,8.1,806K,2017,R-15,"['Action', 'Drama', 'Sci-Fi']",2h 17m,"https://m.media-amazon.com/images/M/MV5BYzc5MTU4N2EtYTkyMi00NjdhLTg3NWEtMTY4OTEyMzJhZTAzXkEyXkFqcGdeQXVyNjc1NTYyMjg@._V1_QL75_UX140_CR0,1,140,207_.jpg"
214,聖女貞德蒙難記,La passion de Jeanne d'Arc,8.1,59K,1928,Passed,"['Biography', 'Drama', 'History']",1h 50m,"https://m.media-amazon.com/images/M/MV5BNjBjNDJiYTUtOWY0OS00OGVmLTg2YzctMTE0NzVhODM1ZWJmXkEyXkFqcGdeQXVyNjU0OTQ0OTY@._V1_QL75_UX140_CR0,6,140,207_.jpg"
215,驚爆焦點,Spotlight,8.1,491K,2015,R-15,"['Biography', 'Crime', 'Drama']",2h 9m,"https://m.media-amazon.com/images/M/MV5BMjIyOTM5OTIzNV5BMl5BanBnXkFtZTgwMDkzODE2NjE@._V1_QL75_UY207_CR0,0,140,207_.jpg"
216,前進高棉,Platoon,8.1,430K,1986,R,"['Drama', 'War']",2h,"https://m.media-amazon.com/images/M/MV5BMzRjZjdlMjQtODVkYS00N2YzLWJlYWYtMGVlN2E5MWEwMWQzXkEyXkFqcGdeQXVyMTQxNzMzNDI@._V1_QL75_UX140_CR0,6,140,207_.jpg"
217,魔鬼終結者,The Terminator,8.1,902K,1984,R,"['Action', 'Sci-Fi']",1h 47m,"https://m.media-amazon.com/images/M/MV5BYTViNzMxZjEtZGEwNy00MDNiLWIzNGQtZDY2MjQ1OWViZjFmXkEyXkFqcGdeQXVyNzkwMjQ5NzM@._V1_QL75_UX140_CR0,1,140,207_.jpg"
218,Jai Bhim,,8.8,211K,2021,16+,"['Crime', 'Drama', 'Mystery']",2h 44m,"https://m.media-amazon.com/images/M/MV5BNzFkM2FhMzQtYjUwZi00N2Y3LWFkZWItMmZmMjQxNGQwZmNhXkEyXkFqcGdeQXVyODEyNjEwMDk@._V1_QL75_UY207_CR13,0,140,207_.jpg"
219,愛在日落巴黎時,Before Sunset,8.1,280K,2004,U,"['Drama', 'Romance']",1h 20m,"https://m.media-amazon.com/images/M/MV5BMTQ1MjAwNTM5Ml5BMl5BanBnXkFtZTYwNDM0MTc3._V1_QL75_UY207_CR0,0,140,207_.jpg"
220,決戰終點線,Rush,8.1,501K,2013,R-12,"['Action', 'Biography', 'Drama']",2h 3m,"https://m.media-amazon.com/images/M/MV5BOWEwODJmZDItYTNmZC00OGM4LThlNDktOTQzZjIzMGQxODA4XkEyXkFqcGdeQXVyNjU0OTQ0OTY@._V1_QL75_UX140_CR0,0,140,207_.jpg"
221,螢光幕後,Network,8.1,166K,1976,R,['Drama'],2h 1m,"https://m.media-amazon.com/images/M/MV5BNzY0NjU5ODUtOTAzMC00NTU5LWJkZjctYWMyOWY2MTZmOWM1XkEyXkFqcGdeQXVyMTI3ODAyMzE2._V1_QL75_UX140_CR0,3,140,207_.jpg"
222,站在我這邊,Stand by Me,8.1,428K,1986,PG-12,"['Adventure', 'Comedy', 'Drama']",1h 29m,"https://m.media-amazon.com/images/M/MV5BODJmY2Y2OGQtMDg2My00N2Q3LWJmZTUtYTc2ODBjZDVlNDlhXkEyXkFqcGdeQXVyMTQxNzMzNDI@._V1_QL75_UX140_CR0,6,140,207_.jpg"
223,黃金時代,The Best Years of Our Lives,8.1,69K,1946,Approved,"['Drama', 'Romance', 'War']",2h 50m,"https://m.media-amazon.com/images/M/MV5BY2RmNTRjYzctODI4Ni00MzQyLWEyNTAtNjU0N2JkMTNhNjJkXkEyXkFqcGdeQXVyNjU0OTQ0OTY@._V1_QL75_UX140_CR0,1,140,207_.jpg"
224,大法師,The Exorcist,8.1,438K,1973,18+,['Horror'],2h 2m,"https://m.media-amazon.com/images/M/MV5BYWFlZGY2NDktY2ZjOS00ZWNkLTg0ZDAtZDY4MTM1ODU4ZjljXkEyXkFqcGdeQXVyMjUzOTY1NTc@._V1_QL75_UX140_CR0,3,140,207_.jpg"
225,恨,La haine,8.1,188K,1995,Not Rated,"['Crime', 'Drama']",1h 38m,"https://m.media-amazon.com/images/M/MV5BOTQxOGU0OWUtMzExYy00ZjIxLWJmMzAtNTI1Y2YxYTMxN2RkXkEyXkFqcGdeQXVyMjUzOTY1NTc@._V1_QL75_UX140_CR0,0,140,207_.jpg"
226,綠野仙蹤,The Wizard of Oz,8.1,418K,1939,G,"['Adventure', 'Family', 'Fantasy']",1h 42m,"https://m.media-amazon.com/images/M/MV5BNjUyMTc4MDExMV5BMl5BanBnXkFtZTgwNDg0NDIwMjE@._V1_QL75_UX140_CR0,1,140,207_.jpg"
227,神鬼奇航：鬼盜船魔咒,Pirates of the Caribbean: The Curse of the Black Pearl,8.1,1.2M,2003,6+,"['Action', 'Adventure', 'Fantasy']",2h 23m,"https://m.media-amazon.com/images/M/MV5BNGYyZGM5MGMtYTY2Ni00M2Y1LWIzNjQtYWUzM2VlNGVhMDNhXkEyXkFqcGdeQXVyMTMxODk2OTU@._V1_QL75_UX140_CR0,1,140,207_.jpg"
228,阿拉斯加之死,Into the Wild,8.1,645K,2007,unrated,"['Adventure', 'Biography', 'Drama']",2h 28m,"https://m.media-amazon.com/images/M/MV5BNjQ0ODlhMWUtNmUwMS00YjExLWI4MjQtNjVmMmE2Y2E0MGRmXkEyXkFqcGdeQXVyNDk3NzU2MTQ@._V1_QL75_UY207_CR0,0,140,207_.jpg"
229,超人特攻隊,The Incredibles,8.0,782K,2004,GP,"['Animation', 'Action', 'Adventure']",1h 55m,"https://m.media-amazon.com/images/M/MV5BMTY5OTU0OTc2NV5BMl5BanBnXkFtZTcwMzU4MDcyMQ@@._V1_QL75_UX140_CR0,0,140,207_.jpg"
230,生死問題,To Be or Not to Be,8.2,41K,1942,Passed,"['Comedy', 'Romance', 'War']",1h 39m,"https://m.media-amazon.com/images/M/MV5BYTIwNDcyMjktMTczMy00NDM5LTlhNDEtMmE3NGVjOTM2YjQ3XkEyXkFqcGdeQXVyNjc0MzMzNjA@._V1_QL75_UX140_CR0,1,140,207_.jpg"
231,忠犬小八,Hachi: A Dog's Tale,8.1,302K,2009,G,"['Biography', 'Drama', 'Family']",1h 33m,"https://m.media-amazon.com/images/M/MV5BNzE4NDg5OWMtMzg3NC00ZDRjLTllMDMtZTRjNWZmNjBmMGZlXkEyXkFqcGdeQXVyMTMxODk2OTU@._V1_QL75_UY207_CR3,0,140,207_.jpg"
232,下女的誘惑,Ah-ga-ssi,8.1,164K,2016,R-18,"['Drama', 'Romance', 'Thriller']",2h 25m,"https://m.media-amazon.com/images/M/MV5BNDJhYTk2MTctZmVmOS00OTViLTgxNjQtMzQxOTRiMDdmNGRjXkEyXkFqcGdeQXVyMTMxODk2OTU@._V1_QL75_UY207_CR2,0,140,207_.jpg"
233,阿爾及爾之戰,La battaglia di Algeri,8.1,64K,1966,Not Rated,"['Drama', 'War']",2h 1m,"https://m.media-amazon.com/images/M/MV5BN2M4YTA4ZTEtN2EyNy00YTlmLWE4YzYtYjYyYjRkMWM4ZDM0XkEyXkFqcGdeQXVyMjUzOTY1NTc@._V1_QL75_UX140_CR0,3,140,207_.jpg"
234,今天暫時停止,Groundhog Day,8.0,664K,1993,P,"['Comedy', 'Drama', 'Fantasy']",1h 41m,"https://m.media-amazon.com/images/M/MV5BZWIxNzM5YzQtY2FmMS00Yjc3LWI1ZjUtNGVjMjMzZTIxZTIxXkEyXkFqcGdeQXVyNjU0OTQ0OTY@._V1_QL75_UX140_CR0,0,140,207_.jpg"
235,怒火之花,The Grapes of Wrath,8.1,98K,1940,Passed,['Drama'],2h 9m,"https://m.media-amazon.com/images/M/MV5BNzJiOGI2MjctYjUyMS00ZjkzLWE2ZmUtOTg4NTZkOTNhZDc1L2ltYWdlXkEyXkFqcGdeQXVyNjc1NTYyMjg@._V1_QL75_UX140_CR0,0,140,207_.jpg"
236,吾父吾子,Babam ve Oglum,8.2,90K,2005,Not Rated,"['Drama', 'Family']",1h 52m,"https://m.media-amazon.com/images/M/MV5BNzEzMWYyYjEtNmVjZS00YTAyLWIyOTgtMzEzNzQxMTQzZTgwXkEyXkFqcGdeQXVyMTA0MTM5NjI2._V1_QL75_UX140_CR0,1,140,207_.jpg"
237,愛是一條狗,Amores perros,8.1,249K,2000,R,"['Drama', 'Thriller']",2h 34m,"https://m.media-amazon.com/images/M/MV5BZjUxNmEwOGItMTBmYi00MWQ1LWExY2MtNDUxMjI0OWM4M2NiXkEyXkFqcGdeQXVyMjUzOTY1NTc@._V1_QL75_UX140_CR0,1,140,207_.jpg"
238,蝴蝶夢,Rebecca,8.1,143K,1940,Approved,"['Drama', 'Film-Noir', 'Mystery']",2h 10m,"https://m.media-amazon.com/images/M/MV5BYTcxYWExOTMtMWFmYy00ZjgzLWI0YjktNWEzYzJkZTg0NDdmL2ltYWdlXkEyXkFqcGdeQXVyNjc1NTYyMjg@._V1_QL75_UY207_CR2,0,140,207_.jpg"
239,真善美,The Sound of Music,8.1,250K,1965,G,"['Biography', 'Drama', 'Family']",2h 52m,"https://m.media-amazon.com/images/M/MV5BNWFhNjg3YjctMjg2Ny00YjBkLTg5M2EtMTk2MjA1NDY3NzQ2XkEyXkFqcGdeQXVyMTA0MTM5NjI2._V1_QL75_UX140_CR0,1,140,207_.jpg"
240,鐵窗喋血,Cool Hand Luke,8.1,185K,1967,GP,"['Crime', 'Drama']",2h 7m,"https://m.media-amazon.com/images/M/MV5BNjcwNTQ3Y2EtMjdmZi00ODBhLWFhNzQtOTc3MWU5NTZlMDViXkEyXkFqcGdeQXVyMjUzOTY1NTc@._V1_QL75_UX140_CR0,4,140,207_.jpg"
241,大地之歌,Pather Panchali,8.2,36K,1955,Not Rated,['Drama'],2h 5m,"https://m.media-amazon.com/images/M/MV5BMTI5YzhjZmEtNjU4Mi00MDljLWFhNTgtZDg2Y2NhZjBjMTYyXkEyXkFqcGdeQXVyNzI1NzMxNzM@._V1_QL75_UX140_CR0,0,140,207_.jpg"
242,鐵巨人,The Iron Giant,8.1,217K,1999,GP,"['Animation', 'Action', 'Adventure']",1h 26m,"https://m.media-amazon.com/images/M/MV5BYzBjZTNkMzQtZmNkOC00Yzk0LTljMjktZjk3YWVlZjY3NTk2XkEyXkFqcGdeQXVyMTUzMDUzNTI3._V1_QL75_UX140_CR0,0,140,207_.jpg"
243,一夜風流,It Happened One Night,8.1,109K,1934,Passed,"['Comedy', 'Romance']",1h 45m,"https://m.media-amazon.com/images/M/MV5BYzJmMWE5NjAtNWMyZS00NmFiLWIwMDgtZDE2NzczYWFhNzIzXkEyXkFqcGdeQXVyNjc1NTYyMjg@._V1_QL75_UX140_CR0,1,140,207_.jpg"
244,姊妹,The Help,8.1,481K,2011,U,['Drama'],2h 26m,"https://m.media-amazon.com/images/M/MV5BMTM5OTMyMjIxOV5BMl5BanBnXkFtZTcwNzU4MjIwNQ@@._V1_QL75_UX140_CR0,0,140,207_.jpg"
245,四百擊,Les quatre cents coups,8.1,125K,1959,PG-12,"['Crime', 'Drama']",1h 39m,"https://m.media-amazon.com/images/M/MV5BNzUwYzU2YjctOGM3YS00YjdiLTk1YjctZjdmMDY4ZTE1YWZkXkEyXkFqcGdeQXVyNzYxODE3NTQ@._V1_QL75_UY207_CR8,0,140,207_.jpg"
246,假面,Persona,8.1,127K,1966,Not Rated,"['Drama', 'Thriller']",1h 25m,"https://m.media-amazon.com/images/M/MV5BYmFlOTcxMWUtZTMzMi00NWIyLTkwOTEtNjIxNmViNzc2Yzc1XkEyXkFqcGdeQXVyMjUzOTY1NTc@._V1_QL75_UX140_CR0,3,140,207_.jpg"
247,萬世魔星,Life of Brian,8.0,415K,1979,13+,['Comedy'],1h 34m,"https://m.media-amazon.com/images/M/MV5BMDA1ZWI4ZDItOTRlYi00OTUxLWFlNWQtMzM5NDI0YjA4ZGI2XkEyXkFqcGdeQXVyMjUzOTY1NTc@._V1_QL75_UX140_CR0,3,140,207_.jpg"
248,阿拉丁,Aladdin,8.0,450K,1992,GP,"['Animation', 'Adventure', 'Comedy']",1h 30m,"https://m.media-amazon.com/images/M/MV5BZTg5ZTVmM2EtZjdhZC00MzBjLWEwZTYtNWIwZDczYzZkMzA4XkEyXkFqcGdeQXVyMTQxNzMzNDI@._V1_QL75_UX140_CR0,5,140,207_.jpg"
249,與狼共舞,Dances with Wolves,8.0,282K,1990,PG-13,"['Adventure', 'Drama', 'Western']",3h 1m,"https://m.media-amazon.com/images/M/MV5BMTY3OTI5NDczN15BMl5BanBnXkFtZTcwNDA0NDY3Mw@@._V1_QL75_UX140_CR0,1,140,207_.jpg"
